-- phpMyAdmin SQL Dump
-- version 4.9.2
-- https://www.phpmyadmin.net/
--
-- Host: 127.0.0.1:3306
-- Generation Time: Jul 11, 2020 at 08:58 AM
-- Server version: 10.4.10-MariaDB
-- PHP Version: 7.3.12

SET SQL_MODE = "NO_AUTO_VALUE_ON_ZERO";
SET AUTOCOMMIT = 0;
START TRANSACTION;
SET time_zone = "+00:00";


/*!40101 SET @OLD_CHARACTER_SET_CLIENT=@@CHARACTER_SET_CLIENT */;
/*!40101 SET @OLD_CHARACTER_SET_RESULTS=@@CHARACTER_SET_RESULTS */;
/*!40101 SET @OLD_COLLATION_CONNECTION=@@COLLATION_CONNECTION */;
/*!40101 SET NAMES utf8mb4 */;

--
-- Database: `inv_syst`
--

-- --------------------------------------------------------

--
-- Table structure for table `employees`
--

DROP TABLE IF EXISTS `employees`;
CREATE TABLE IF NOT EXISTS `employees` (
  `idemployees` int(11) NOT NULL AUTO_INCREMENT,
  `name` varchar(45) COLLATE latin1_bin NOT NULL,
  `birthday` varchar(45) COLLATE latin1_bin NOT NULL,
  `contact_number` varchar(45) COLLATE latin1_bin NOT NULL,
  `position` varchar(45) COLLATE latin1_bin NOT NULL,
  `date_joined` varchar(45) COLLATE latin1_bin NOT NULL,
  PRIMARY KEY (`idemployees`)
) ENGINE=InnoDB AUTO_INCREMENT=4 DEFAULT CHARSET=latin1 COLLATE=latin1_bin;

--
-- Dumping data for table `employees`
--

INSERT INTO `employees` (`idemployees`, `name`, `birthday`, `contact_number`, `position`, `date_joined`) VALUES
(1, 'PUA PHEE, ASHLEY CHESTER D.', '1998-09-19', '09184339946', 'MANAGER', '2019-06-01'),
(2, 'DOMINGO, FREDIESON G.', '1972-10-30', '09222917205', 'MANAGER', '2008-05-01'),
(3, 'RIVERA, CECILE P.', '1993-06-11', '09175501138', 'CASHIER/SECRETARY', '2019-06-01');

-- --------------------------------------------------------

--
-- Table structure for table `inventory`
--

DROP TABLE IF EXISTS `inventory`;
CREATE TABLE IF NOT EXISTS `inventory` (
  `item_id` varchar(45) COLLATE latin1_bin NOT NULL,
  `spec_code` varchar(45) COLLATE latin1_bin DEFAULT NULL,
  `item_name` varchar(45) COLLATE latin1_bin NOT NULL,
  `current_inventory` int(11) NOT NULL,
  `selling_price` double NOT NULL,
  `buying_price` double NOT NULL,
  `category` varchar(45) COLLATE latin1_bin NOT NULL,
  PRIMARY KEY (`item_id`)
) ENGINE=InnoDB DEFAULT CHARSET=latin1 COLLATE=latin1_bin;

--
-- Dumping data for table `inventory`
--

INSERT INTO `inventory` (`item_id`, `spec_code`, `item_name`, `current_inventory`, `selling_price`, `buying_price`, `category`) VALUES
('ADHE-CMT-001', '', 'SHERMAN CEMENT 100CC', 8, 55, 1, 'ADHESIVE CEMENT'),
('ADHE-CMT-002', '', 'SHERMAN CEMENT 250CC', 10, 85, 1, 'ADHESIVE CEMENT'),
('ADHE-CMT-003', '', 'SHERMAN CEMENT 500CC', 20, 120, 1, 'ADHESIVE CEMENT'),
('ADHE-CMT-004', '', 'SHELWOOD (1 PACK)', 0, 65, 1, 'ADHESIVE CEMENT'),
('ADHE-CMT-005', '', 'SHELWOOD (1 BOTTLE)', 0, 180, 1, 'ADHESIVE CEMENT'),
('ADHE-CMT-006', '', 'WATER PLUG (1 PACK)', 0, 150, 1, 'ADHESIVE CEMENT'),
('ADHE-CMT-007', '', 'NELTEX 100CC', 15, 100, 1, 'ADHESIVE CEMENT'),
('ADHE-CMT-008', '', 'NELTEX 200CC', 56, 140, 1, 'ADHESIVE CEMENT'),
('ADHE-CMT-009', '', 'NELTEX 400CC', 31, 240, 1, 'ADHESIVE CEMENT'),
('ADHE-CMT-010', '', 'STIKWEL (1 PACK)', 0, 55, 1, 'ADHESIVE CEMENT'),
('ADHE-CMT-011', NULL, 'STIKWEL (1/2 LITER)', 0, 95, 1, 'ADHESIVE CEMENT'),
('ADHE-CMT-012', NULL, 'STIKWEL (1 LITER)', -1, 135, 1, 'ADHESIVE CEMENT'),
('ADHE-CMT-013', NULL, 'S-BLUE (1/8 LITER)', 14, 75, 1, 'ADHESIVE CEMENT'),
('ADHE-CMT-014', NULL, 'S-BLUE (1 LITER)', 13, 395, 1, 'ADHESIVE CEMENT'),
('ADHE-CMT-015', NULL, 'SHELBY DO-ALL (BOTTLE)', 0, 85, 1, 'ADHESIVE CEMENT'),
('ADHE-CMT-016', NULL, 'SHELBY DO-ALL (1 GALLON)', 0, 780, 1, 'ADHESIVE CEMENT'),
('BAR-001', '', 'FLATBAR 1/8X3/8', 0, 115, 1, 'BARS'),
('BAR-002', NULL, 'FLATBAR 1/8X1/2', 9, 125, 1, 'BARS'),
('BAR-003', NULL, 'FLATBAR 1/8X5/8', 21, 140, 1, 'BARS'),
('BAR-004', '', 'FLATBAR 1/8X3/4', 13, 150, 1, 'BARS'),
('BAR-005', '', 'FLATBAR 1/8X1', 42, 190, 1, 'BARS'),
('BAR-006', '', 'FLATBAR 1/8X1-1/2', 32, 280, 1, 'BARS'),
('BAR-007', NULL, 'FLATBAR 1/8X2', 20, 320, 1, 'BARS'),
('BAR-008', NULL, 'FLATBAR 3/16X1/2', 38, 150, 1, 'BARS'),
('BAR-009', NULL, 'FLATBAR 3/16X5/8', 0, 170, 1, 'BARS'),
('BAR-010', NULL, 'FLATBAR 3/16X3/4', 20, 180, 1, 'BARS'),
('BAR-011', NULL, 'FLATBAR 3/16X1', 15, 220, 1, 'BARS'),
('BAR-012', '', 'FLATBAR 3/16X1-1/2', 0, 310, 1, 'BARS'),
('BAR-013', NULL, 'FLATBAR 3/16X2', 29, 350, 1, 'BARS'),
('BAR-014', NULL, 'FLATBAR 1/4X3/4', 48, 230, 1, 'BARS'),
('BAR-015', '', 'FLATBAR 1/4X1', 27, 250, 1, 'BARS'),
('BAR-016', NULL, 'FLATBAR 1/4X1-1/2', 22, 370, 1, 'BARS'),
('BAR-017', NULL, 'FLATBAR 1/4X2', 16, 430, 1, 'BARS'),
('BAR-018', NULL, 'FLATBAR 1/4X3', 0, 920, 1, 'BARS'),
('BAR-019', NULL, 'FLATBAR 3/8X1', 0, 480, 1, 'BARS'),
('BAR-020', NULL, 'FLATBAR 3/8X1-1/2', 0, 660, 1, 'BARS'),
('BAR-021', '', 'Z-BAR 3/4', 22, 280, 1, 'BARS'),
('BAR-022', NULL, 'Z-BAR 7/8', 0, 520, 1, 'BARS'),
('BAR-023', '', 'I-BAR 1-5/8', 25, 650, 1, 'BARS'),
('BAR-024', '', 'T-BAR 3/4', 35, 270, 1, 'BARS'),
('BAR-025', NULL, 'SQUARE BAR YELLOW (10MM)', 0, 190, 1, 'BARS'),
('BAR-026', '', 'SQUARE BAR WHITE 1/2 (12MM)', 257, 200, 1, 'BARS'),
('BAR-027', '', 'SQUARE BAR 5/8 (16MM)', 139, 320, 1, 'BARS'),
('BAR-028', NULL, 'SQUARE BAR 3/4 (18MM)', 0, 750, 1, 'BARS'),
('BAR-029', NULL, 'CHANNEL BAR 2X3 (GREEN)', 8, 1300, 1, 'BARS'),
('BAR-030', '', 'CHANNEL BAR 2X4 (RED)', 30, 1400, 1, 'BARS'),
('BAR-031', NULL, 'CHANNEL BAR 2X6 (RED)', 8, 2500, 1, 'BARS'),
('BAR-032', '', 'PLAIN BAR 3/8 (10MM)', 52, 180, 1, 'BARS'),
('BAR-033', '', 'PLAIN BAR 1/2 (12MM)', 52, 230, 1, 'BARS'),
('BAR-034', NULL, 'PLAIN BAR 5/8 (16MM)', 9, 420, 1, 'BARS'),
('BAR-035', NULL, 'PLAIN BAR 3/4 (20MM)', 0, 500, 1, 'BARS'),
('BAR-036', NULL, 'ANGLE BAR 1/8X1 (BLUE)', 49, 270, 1, 'BARS'),
('BAR-037', '', 'ANGLE BAR 3/16X1 (RED)', 1, 300, 1, 'BARS'),
('BAR-038', '', 'ANGLE BAR 3/16X-1-1/2 (RED)', 0, 450, 1, 'BARS'),
('BAR-039', NULL, 'ANGLE BAR 3/16X2 (RED)', 68, 550, 1, 'BARS'),
('BAR-040', NULL, 'ANGLE BAR 1/4X1 (GREEN)', 0, 400, 1, 'BARS'),
('BAR-041', '', 'ANGLE BAR 1/4X1-1/2 (GREEN)', 28, 550, 1, 'BARS'),
('BAR-042', '', 'ANGLE BAR 1/4X1-1/2 (ORANGE)', 98, 650, 1, 'BARS'),
('BAR-043', NULL, 'ANGLE BAR 1/4X2 (GREEN)', 24, 700, 1, 'BARS'),
('BAR-044', NULL, 'ANGLE BAR 1/4X2 (ORANGE)', 18, 780, 1, 'BARS'),
('BAR-045', '', 'ANGLE BAR 1/4X2 (VIOLET)', 46, 950, 1, 'BARS'),
('BAR-046', NULL, 'ANGLE BAR 1/4X3 (VIOLET)', 16, 1550, 1, 'BARS'),
('BAR-047', NULL, 'DEFORMED BAR 8MMX6M G33', 0, 85, 1, 'BARS'),
('BAR-048', '', 'DEFORMED BAR 10MMX6M G33', 3685, 122, 1, 'BARS'),
('BAR-049', NULL, 'DEFORMED BAR 10MMX7.5M G33', 100, 176, 1, 'BARS'),
('BAR-050', NULL, 'DEFORMED BAR 10MMX9M G33', 99, 211, 1, 'BARS'),
('BAR-051', '', 'DEFORMED BAR 12MMX6M G33', 1160, 174, 1, 'BARS'),
('BAR-052', NULL, 'DEFORMED BAR 12MMX7.5M G33', 90, 253, 1, 'BARS'),
('BAR-053', NULL, 'DEFORMED BAR 12MMX9M G33', 30, 305, 1, 'BARS'),
('BAR-054', '', 'DEFORMED BAR 16MMX6M G33', 898, 310, 1, 'BARS'),
('BAR-055', NULL, 'DEFORMED BAR 16MMX7.5M G33', 1, 450, 1, 'BARS'),
('BAR-056', NULL, 'DEFORMED BAR 16MMX9M G33', 200, 540, 1, 'BARS'),
('BAR-057', '', 'DEFORMED BAR 20MMX6M G33', 134, 503, 1, 'BARS'),
('BAR-058', NULL, 'DEFORMED BAR 20MMX7.5M G33', 123, 705, 1, 'BARS'),
('BAR-059', NULL, 'DEFORMED BAR 20MMX9M G33', 107, 845, 1, 'BARS'),
('BAR-060', NULL, 'FLATBAR 1/4X5/8', 20, 1, 1, 'BARS'),
('BAR-061', NULL, 'FLATBAR 1/4X1/2', 9, 1, 1, 'BARS'),
('BOLT-001', NULL, 'STAINLESS BARREL BOLT 2', 0, 45, 1, 'BOLT'),
('BOLT-002', NULL, 'STAINLESS BARREL BOLT 3', 0, 65, 1, 'BOLT'),
('BOLT-003', NULL, 'STAINLESS BARREL BOLT 4', 0, 85, 1, 'BOLT'),
('BRUSH-001', NULL, 'PAINT BRUSH HIPPO 1', 37, 25, 1, 'BRUSH'),
('BRUSH-002', '', 'PAINT BRUSH HIPPO 1-1/2', 60, 35, 1, 'BRUSH'),
('BRUSH-003', '', 'PAINT BRUSH HIPPO 2', 96, 45, 1, 'BRUSH'),
('BRUSH-004', NULL, 'PAINT BRUSH HIPPO 2-1/2', 30, 65, 1, 'BRUSH'),
('BRUSH-005', NULL, 'PAINT BRUSH HIPPO 3', 42, 95, 1, 'BRUSH'),
('BRUSH-006', NULL, 'PAINT BRUSH HIPPO 4', 53, 120, 1, 'BRUSH'),
('BRUSH-007', '', 'BABY ROLLER COTTON 4', -3, 85, 1, 'BRUSH'),
('BRUSH-008', '', 'BABY ROLLER FOAM 4', 0, 85, 1, 'BRUSH'),
('BRUSH-009', NULL, 'HIGH TECH PAINT ROLLER 4', -1, 45, 1, 'BRUSH'),
('BRUSH-010', NULL, 'HIGH TECH PAINT ROLLER 7', -3, 65, 1, 'BRUSH'),
('BRUSH-011', NULL, 'HIGH TECH PAINT ROLLER 9', 0, 75, 1, 'BRUSH'),
('BRUSH-012', NULL, 'VERSATEX PAINT ROLLER 7', 0, 380, 1, 'BRUSH'),
('BRUSH-013', NULL, 'VERSATEX PAINT ROLLER 9', 0, 480, 1, 'BRUSH'),
('BRUSH-014', NULL, 'PAINT ROLLER W/DESIGN 7', 0, 480, 1, 'BRUSH'),
('BULB-001', NULL, 'ECOLUM LIGHTBULB 5WATTS', 0, 85, 1, 'LIGHTBULB'),
('BULB-002', NULL, 'ECOLUM LIGHTBULB 7WATTS', 100, 105, 1, 'LIGHTBULB'),
('BULB-003', NULL, 'ECOLUM LIGHTBULB 9WATTS', 49, 125, 1, 'LIGHTBULB'),
('BULB-004', NULL, 'ECOLUM LIGHTBULB 11WATTS', 0, 145, 1, 'LIGHTBULB'),
('BULB-005', NULL, 'ECOLUM LIGHTBULB 13WATTS', 101, 175, 1, 'LIGHTBULB'),
('BULB-006', NULL, 'ECOLUM LIGHTBULB 15WATTS', 0, 185, 1, 'LIGHTBULB'),
('BULB-007', NULL, 'ECOLUM FLOURESCENT LIGHTBULB 9-18WATTS', 0, 320, 1, 'LIGHTBULB'),
('BULB-008', '', 'ECOLUM FLOURESCENT LIGHTBULB SOLO 18-36WATTS', 18, 285, 1, 'LIGHTBULB'),
('BULB-009', '', 'FIREFLY FILAMENT LIGHTBULB 4WATTS', 30, 250, 1, 'LIGHTBULB'),
('BULB-010', '', 'FIREFLY FILAMENT LIGHTBULB 5WATTS', 18, 340, 1, 'LIGHTBULB'),
('BULB-011', NULL, 'PHILIPS LIGHTBULB 5WATTS', 0, 140, 1, 'LIGHTBULB'),
('BULB-012', NULL, 'PHILIPS LIGHTBULB 12WATTS', 0, 250, 1, 'LIGHTBULB'),
('BULB-013', '', 'FSL LED LIGHTBULB 5WATTS', 4, 85, 1, 'LIGHTBULB'),
('BULB-014', '', 'FSL LED LIGHTBULB 7WATTS', 44, 105, 1, 'LIGHTBULB'),
('BULB-015', '', 'FSL LED LIGHTBULB 9WATTS', 10, 125, 1, 'LIGHTBULB'),
('BULB-016', '', 'FSL LED LIGHTBULB 12WATTS', 2, 165, 1, 'LIGHTBULB'),
('BULB-017', NULL, 'ECOLUM FLOURESCENT LIGHTBULB SET 18-36WATTS', 7, 385, 1, 'LIGHTBULB'),
('BULB-018', NULL, 'FIREFLY BASIC SERIES CIRCULAR 20WATTS', 4, 600, 1, 'LIGHTBULB'),
('BULB-019', NULL, 'FIREFLY LED EMERGENCY LIGHT', 3, 850, 1, 'LIGHTBULB'),
('BULB-020', NULL, 'OMNI CIRCULAR LAMP 22WATTS', 0, 140, 1, 'LIGHTBULB'),
('C', NULL, 'PB HOSE BLACK LIGHT DUTY (300 METERS)', 0, 6600, 1, 'HOSE'),
('CART-001', NULL, 'WHEEL BARROW LIGHT DUTY', 0, 2800, 1, 'CART'),
('CART-002', NULL, 'WHEEL BARROW HEAVY DUTY', 0, 3200, 1, 'CART'),
('CATCH-001', NULL, 'ORDINARY CATCHES (SMALL)', 0, 8, 3, 'CATCHES'),
('CATCH-002', NULL, 'MAGNETIC CATCHES (SMALL)', 0, 12, 1, 'CATCHES'),
('CATCH-003', NULL, 'MAGNETIC CATCHES (BIG)', 0, 18, 1, 'CATCHES'),
('CHAIN-001', '', 'DOG CHAIN', 36, 85, 1, 'CHAIN'),
('CLAMP-001', '', 'BATTERY CLAMP ', -2, 35, 1, 'CLAMP'),
('CLAMP-002', NULL, 'PVC CLAMP 1/2', 0, 2.5, 1, 'CLAMP'),
('CLAMP-003', NULL, 'PVC CLAMP 3/4', 0, 3.5, 1, 'CLAMP'),
('CLAMP-004', NULL, 'PVC CLAMP 1', 0, 5.5, 1, 'CLAMP'),
('CLAMP-005', NULL, 'PVC CLAMP 2.0', 0, 2.5, 1, 'CLAMP'),
('CLAMP-006', NULL, 'PPR CLAMP 1/2', 0, 10, 1, 'CLAMP'),
('CLAMP-007', NULL, 'PPR CLAMP 3/4', 0, 13, 1, 'CLAMP'),
('CLAMP-008', NULL, 'PPR CLAMP 1', 0, 15, 1, 'CLAMP'),
('CLAMP-009', NULL, 'GI CLAMP 1/2', 0, 25, 1, 'CLAMP'),
('CLAMP-010', NULL, 'GI CLAMP 1-1/2', 0, 45, 1, 'CLAMP'),
('CLAMP-011', NULL, 'GI CLAMP 2', 0, 65, 1, 'CLAMP'),
('CLAMP-012', NULL, 'GI CLAMP 2-1/2', 0, 75, 1, 'CLAMP'),
('CLAMP-013', NULL, 'GI CLAMP 3', 0, 85, 1, 'CLAMP'),
('CLAMP-014', NULL, 'GI CLAMP 4', 0, 95, 1, 'CLAMP'),
('CLAMP-015', NULL, 'C-CLAMP 3', 0, 160, 1, 'CLAMP'),
('CLAMP-016', NULL, 'C-CLAMP 4', 0, 180, 1, 'CLAMP'),
('CLAMP-017', NULL, 'C-CLAMP 6', 0, 260, 1, 'CLAMP'),
('CLAMP-018', NULL, 'CABLE CLAMP (SMALL)', 0, 15, 1, 'CLAMP'),
('CLAMP-019', NULL, 'CABLE CLAMP (MEDIUM)', 0, 1, 1, 'CLAMP'),
('CLAMP-020', NULL, 'CABLE CLAMP (LARGE)', 0, 180, 1, 'CLAMP'),
('CLAMP-021', NULL, 'SWIVEL CLAMP 1-1/4X1-1/2', 0, 95, 1, 'CLAMP'),
('CMT-001', '', 'HOLCIM EXCEL', 1782, 245, 235, 'CEMENT'),
('CMT-002', NULL, 'HOLCIM SOLIDO', 0, 255, 235, 'CEMENT'),
('CMT-003', NULL, 'UNION', 0, 250, 1, 'CEMENT'),
('CMT-004', NULL, 'NORTHERN CEMENT', 0, 1, 1, 'CEMENT'),
('CMT-005', NULL, 'REPUBLIC CEMENT', 0, 1, 1, 'CEMENT'),
('CMT-006', NULL, 'EAGLE CEMENT', 0, 1, 1, 'CEMENT'),
('CMT-007', NULL, 'HOLCIM TILE ADHESIVE', 138, 320, 1, 'CEMENT'),
('CMT-008', NULL, 'HOLCIM SKIM COAT', 9, 500, 1, 'CEMENT'),
('CMT-009', NULL, 'ISLAND SKIM COAT', 22, 500, 1, 'CEMENT'),
('CMT-010', NULL, 'USG JOINTING BORAL', 12, 580, 1, 'CEMENT'),
('CMT-011', NULL, 'PATCHING COMPOUND (KILO)', 0, 35, 1, 'CEMENT'),
('CMT-012', NULL, 'PATCHING COMPOUND (SACK)', 0, 700, 1, 'CEMENT'),
('CMT-013', '', 'RED CEMENT (1 PACK)', 0, 70, 1, 'CEMENT'),
('CMT-014', '', 'GREEN CEMENT (1 PACK)', 0, 90, 1, 'CEMENT'),
('CMT-015', '', 'WHITE CEMENT (1 PACK)', 0, 70, 1, 'CEMENT'),
('CMT-016', '', 'TILE GROUT (1 PACK)', 0, 85, 1, 'CEMENT'),
('CMT-017', '', 'SAHARA (1 PACK)', 99, 45, 1, 'CEMENT'),
('CONC-001', NULL, 'CONCRETE HOLLOW BLOCKS 4', -35, 20, 1, 'CONCRETE'),
('CONC-002', NULL, 'CONCRETE HOLLOW BLOCKS 5', 0, 22, 1, 'CONCRETE'),
('DISC-001', NULL, 'CUTTING DISC TOKA 4', -18, 75, 1, 'DISC'),
('DISC-002', NULL, 'CUTTING DISC TOKA 14', -3, 280, 1, 'DISC'),
('DISC-003', NULL, 'CUTTING DISC OASIS 4', 0, 65, 1, 'DISC'),
('DISC-004', NULL, 'CUTTING DISC OASIS 14', 0, 280, 1, 'DISC'),
('DISC-005', NULL, 'CUTTING DISC TYROLIT 4', -2, 180, 1, 'DISC'),
('DISC-006', NULL, 'CUTTING DISC TYROLIT 14', 0, 600, 1, 'DISC'),
('DISC-007', NULL, 'CUTTING DISC MASONRY TOKKA 4', 0, 65, 1, 'DISC'),
('DISC-008', '', 'DIAMOND CUTTING DISC IRWIN 4', 0, 380, 1, 'DISC'),
('DISC-009', '', 'FLAP DISC MAJESTA #60', 0, 180, 1, 'DISC'),
('DISC-010', NULL, 'FLAP DISC MAJESTA #80', 0, 180, 1, 'DISC'),
('DISC-011', NULL, 'FLAP DISC MAJESTA #100', -1, 180, 1, 'DISC'),
('DISC-012', NULL, 'FLAP DISC MAJESTA #120', 0, 180, 1, 'DISC'),
('DISC-013', NULL, 'FLAP DISC SUNRISE #60', 0, 180, 1, 'DISC'),
('DISC-014', NULL, 'FLAP DISC SUNRISE #80', 0, 180, 1, 'DISC'),
('DISC-015', NULL, 'FLAP DISC SUNRISE #100', 0, 180, 1, 'DISC'),
('DISC-016', NULL, 'FLAP DISC SUNRISE #120', 0, 180, 1, 'DISC'),
('DISC-017', NULL, 'GRINDING DISC ECONO-PLUS 4', -9, 45, 1, 'DISC'),
('DOOR-001', NULL, 'PANEL DOOR 0.80X210', 0, 4800, 1, 'DOOR'),
('DOOR-002', NULL, 'PANEL DOOR 0.90X210', 0, 4800, 1, 'DOOR'),
('DOOR-003', NULL, 'FLASH DOOR 0.60X190', 0, 2000, 1, 'DOOR'),
('DOOR-004', NULL, 'FLASH DOOR 0.70X210', 0, 2000, 1, 'DOOR'),
('DOOR-005', NULL, 'PVC DOOR 0.60X190', -1, 1300, 1, 'DOOR'),
('DOOR-006', NULL, 'PVC DOOR 0.70X210', 0, 1800, 1, 'DOOR'),
('DOOR-007', NULL, 'DOOR TRACK 8', 0, 370, 1, 'DOOR'),
('DOOR-008', NULL, 'DOOR TRACK 10', 0, 450, 1, 'DOOR'),
('DOOR-009', NULL, 'DOOR TRACK 12', 0, 530, 1, 'DOOR'),
('DOOR-010', NULL, 'DOOR JAMB 2X4', 0, 1900, 1, 'DOOR'),
('DOOR-011', NULL, 'DOOR JAMBS 2X5', 0, 2100, 1, 'DOOR'),
('DOOR-012', NULL, 'DOOR JAMBS 2X6', 0, 2350, 1, 'DOOR'),
('DRILL-001', NULL, 'MASONRY DRILL BIT 1/8', 0, 45, 1, 'DRILL'),
('DRILL-002', NULL, 'MASONRY DRILL BIT 5/32', -1, 65, 1, 'DRILL'),
('DRILL-003', NULL, 'MASONRY DRILL BIT 3/16', 0, 75, 1, 'DRILL'),
('DRILL-004', NULL, 'MASONRY DRILL BIT 1/4', 0, 95, 1, 'DRILL'),
('DRILL-005', NULL, 'MASONRY DRILL BIT 3/8', 0, 240, 1, 'DRILL'),
('DRILL-006', NULL, 'MASONRY DRILL BIT 1/2', 0, 380, 1, 'DRILL'),
('DRILL-007', NULL, 'MASONRY DRILL BIT 5/8', 0, 480, 1, 'DRILL'),
('DRILL-008', NULL, 'DORMER METAL DRILL BIT 1/8', 0, 100, 1, 'DRILL'),
('DRILL-009', NULL, 'DORMER METAL DRILL BIT 5/32', 0, 130, 1, 'DRILL'),
('DRILL-010', NULL, 'DORMER METAL DRILL BIT 3/16', 0, 180, 1, 'DRILL'),
('DRILL-011', NULL, 'DORMER METAL DRILL BIT 3/8', 0, 1, 1, 'DRILL'),
('DRILL-012', NULL, 'DORMER METAL DRILL BIT 1/2', 0, 1, 1, 'DRILL'),
('DRILL-013', NULL, 'DORMER METAL DRILL BIT 5/8', 0, 1, 1, 'DRILL'),
('DRILL-014', NULL, 'DORMER METAL DRILL BIT 1/4', 0, 230, 88, 'DRILL'),
('ELEC-001', '', 'KOTEN KSB CIRCUIT BREAKER W/HOUSE 15AMP', 0, 420, 1, 'ELECTRICAL'),
('ELEC-002', '', 'KOTEN KSB CIRCUIT BREAKER W/HOUSE 20AMP', 0, 460, 1, 'ELECTRICAL'),
('ELEC-003', '', 'KOTEN KSB CIRCUIT BREAKER W/HOUSE 30AMP', 0, 490, 1, 'ELECTRICAL'),
('ELEC-004', '', 'KOTEN KSB CIRCUIT BREAKER W/HOUSE 40AMP', 0, 585, 1, 'ELECTRICAL'),
('ELEC-005', '', 'KOTEN KSB CIRCUIT BREAKER W/HOUSE 60AMP', 0, 720, 1, 'ELECTRICAL'),
('ELEC-006', '', 'KOTEN KSB CIRCUIT BREAKER W/HOUSE 100AMP', 0, 1100, 1, 'ELECTRICAL'),
('ELEC-007', NULL, 'PULL BOX 4X6', 0, 480, 1, 'ELECTRICAL'),
('ELEC-008', NULL, 'PULL BOX 4X8', 0, 580, 1, 'ELECTRICAL'),
('ELEC-009', NULL, 'PULL BOX 4X10', 0, 700, 1, 'ELECTRICAL'),
('ELEC-010', NULL, 'PULL BOX 4X12', 0, 850, 1, 'ELECTRICAL'),
('ELEC-011', NULL, 'PANEL BOX 4 HOLES', 0, 480, 1, 'ELECTRICAL'),
('ELEC-012', NULL, 'PANEL BOX 6 HOLES', 0, 650, 1, 'ELECTRICAL'),
('ELEC-013', NULL, 'PANEL BOX 8 HOLES', 0, 850, 1, 'ELECTRICAL'),
('ELEC-014', NULL, 'PANEL BOX 10 HOLES', 0, 1000, 1, 'ELECTRICAL'),
('ELEC-015', NULL, 'PANEL BOX 12 HOLES', 0, 1200, 1, 'ELECTRICAL'),
('ELEC-016', NULL, 'OMNI RECEPTACLE 3', 0, 35, 1, 'ELECTRICAL'),
('ELEC-017', NULL, 'OMNI RECEPTACLE 4', 0, 45, 1, 'ELECTRICAL'),
('ELEC-018', NULL, 'KOTEN CIRCUIT BREAKER ELEMENT PLUG-IN 15AMP', 0, 360, 1, 'ELECTRICAL'),
('ELEC-019', NULL, 'KOTEN CIRCUIT BREAKER ELEMENT PLUG-IN 20AMP', 0, 360, 1, 'ELECTRICAL'),
('ELEC-020', NULL, 'KOTEN CIRCUIT BREAKER ELEMENT PLUG-IN 30AMP', 0, 360, 1, 'ELECTRICAL'),
('ELEC-021', NULL, 'KOTEN CIRCUIT BREAKER ELEMENT PLUG-IN 40AMP', 0, 460, 1, 'ELECTRICAL'),
('ELEC-022', NULL, 'KOTEN CIRCUIT BREAKER ELEMENT PLUG-IN 50AMP', 0, 460, 1, 'ELECTRICAL'),
('ELEC-023', NULL, 'KOTEN CIRCUIT BREAKER ELEMENT PLUG-IN 60AMP', 0, 460, 1, 'ELECTRICAL'),
('ELEC-024', NULL, 'KOTEN CIRCUIT BREAKER ELEMENT PLUG-IN 100AMP', 0, 980, 1, 'ELECTRICAL'),
('ELEC-025', NULL, 'POLY ORANGE UTILITY BOX', 0, 20, 1, 'ELECTRICAL'),
('ELEC-026', NULL, 'POLY ORANGE JUNCTION BOX W/OUT COVER', 0, 20, 1, 'ELECTRICAL'),
('ELEC-027', NULL, 'POLY ORANGE JUNCTION BOX W/COVER', 0, 30, 1, 'ELECTRICAL'),
('ELEC-028', NULL, 'POLY PVC AMCO BOX', 0, 85, 1, 'ELECTRICAL'),
('ELEC-029', NULL, 'POLY ORANGE SQUARE BOX', 0, 120, 1, 'ELECTRICAL'),
('ELEC-030', NULL, 'OMNI RUBBER SOCKET', 0, 35, 1, 'ELECTRICAL'),
('ELEC-031', NULL, 'OMNI RUBBER PLUG (CLEAR)', 0, 38, 1, 'ELECTRICAL'),
('ELEC-032', NULL, 'OMNI RUBBER PLUG (BLACK)', 0, 38, 1, 'ELECTRICAL'),
('ELEC-033', NULL, 'OMNI UNIVERSAL ADAPTER', 0, 55, 1, 'ELECTRICAL'),
('ELEC-034', NULL, 'OMNI FEMALE PLUG', 0, 30, 1, 'ELECTRICAL'),
('ELEC-035', NULL, 'OMNI FULL CHAIN', 0, 65, 1, 'ELECTRICAL'),
('ELEC-036', NULL, 'OMNI MINI PLUG', 0, 18, 1, 'ELECTRICAL'),
('ELEC-037', NULL, 'OMNI UNIVERSAL DOUBLE CO', 0, 65, 1, 'ELECTRICAL'),
('ELEC-038', NULL, 'OMNI UNIVERSAL TRIPLE CO', 0, 95, 1, 'ELECTRICAL'),
('ELEC-039', NULL, 'PANASONIC PLATE 1 GANG', 0, 65, 1, 'ELECTRICAL'),
('ELEC-040', NULL, 'PANASONIC PLATE 2 GANG', 0, 65, 1, 'ELECTRICAL'),
('ELEC-041', NULL, 'PANASONIC PLATE 3 GANG', 0, 65, 1, 'ELECTRICAL'),
('ELEC-042', NULL, 'PANASONIC WIDE SERIES PLATE 1 GANG', 0, 75, 1, 'ELECTRICAL'),
('ELEC-043', NULL, 'PANASONIC WIDE SERIES PLATE 2 GANG', 0, 75, 1, 'ELECTRICAL'),
('ELEC-044', NULL, 'PANASONIC WIDE SERIES PLATE 3 GANG', 0, 75, 1, 'ELECTRICAL'),
('ELEC-045', NULL, 'PANASONIC SWITCH WIDE SERIES', 0, 85, 1, 'ELECTRICAL'),
('ELEC-046', NULL, 'PANASONIC UNIVERSAL WIDE SERIES CO', 0, 95, 1, 'ELECTRICAL'),
('ELEC-047', NULL, 'PANASONIC ELEMENT CO', 0, 75, 1, 'ELECTRICAL'),
('ELEC-048', NULL, 'PANASONIC UNIVERSAL CO', 0, 85, 1, 'ELECTRICAL'),
('ELEC-049', NULL, 'OMNI SWITCH RECTANGLE', 0, 55, 1, 'ELECTRICAL'),
('EPOXY-001', '', 'PIONEER EPOXY A&B (1/8 LITER)', 0, 185, 1, 'EPOXY'),
('EPOXY-002', '', 'PIONEER EPOXY A&B (1/4 LITER)', 0, 285, 1, 'EPOXY'),
('EPOXY-003', '', 'PIONEER EPOXY A&B (1/2 LITER)', 0, 485, 1, 'EPOXY'),
('EPOXY-004', '', 'PIONEER EPOXY A&B (1 LITER)', 0, 650, 1, 'EPOXY'),
('EPOXY-005', NULL, 'MARINE EPOXY A&B (1/8 LITER)', 0, 185, 1, 'EPOXY'),
('EPOXY-006', NULL, 'MARINE EPOXY A&B (1/4 LITER)', -1, 285, 1, 'EPOXY'),
('EPOXY-007', NULL, 'MARINE EPOXY A&B (1/2 LITER)', 0, 485, 1, 'EPOXY'),
('EPOXY-008', NULL, 'MARINE EPOXY A&B (1 LITER)', 0, 650, 1, 'EPOXY'),
('EPOXY-009', NULL, 'GLAZER EPOXY PRIMER GRAY (1 LITER)', 0, 185, 1, 'EPOXY'),
('EPOXY-010', NULL, 'GLAZER EPOXY PRIMER GREY (1 GALLON)', -1, 640, 1, 'EPOXY'),
('EPOXY-011', NULL, 'GLAZER EPOXY PRIMER WHITE (1 LITER)', 0, 195, 1, 'EPOXY'),
('EPOXY-012', NULL, 'GLAZER EPOXY PRIMER WHITE (1 GALLON)', 0, 740, 1, 'EPOXY'),
('FAUCET-001', NULL, 'FALCON FAUCET HB 1/2', 0, 240, 115, 'FAUCET'),
('FAUCET-002', NULL, 'OHAYO PVC FAUCET 1/2', 0, 85, 1, 'FAUCET'),
('FAUCET-003', NULL, 'FALCON FAUCET PB', 0, 240, 108, 'FAUCET'),
('FAUCET-004', NULL, 'CHROME FAUCET 1/2', 0, 180, 1, 'FAUCET'),
('FAUCET-005', NULL, 'MAXTEN CROSS SANITARY WARE FAUCET', 0, 180, 1, 'FAUCET'),
('FAUCET-006', NULL, 'MAXTEN PB CHROME FAUCET 1/2', 0, 180, 1, 'FAUCET'),
('FAUCET-007', NULL, 'IP HOSE BIBB & PLAIN END 1/2', 0, 240, 127, 'FAUCET'),
('FIT-001', NULL, 'ORANGE TEE 2X2', 0, 36, 1, 'FITTINGS'),
('FIT-002', NULL, 'ORANGE TEE 2X3', 0, 54, 1, 'FITTINGS'),
('FIT-003', NULL, 'ORANGE TEE 3X3', 0, 70, 1, 'FITTINGS'),
('FIT-004', NULL, 'ORANGE TEE 3X4', 0, 109, 1, 'FITTINGS'),
('FIT-005', NULL, 'ORANGE TEE 4X2', 0, 89, 1, 'FITTINGS'),
('FIT-006', NULL, 'ORANGE TEE 4X4', 0, 138, 1, 'FITTINGS'),
('FIT-007', '', 'ORANGE TEE 6X4', 0, 400, 1, 'FITTINGS'),
('FIT-008', NULL, 'ORANGE TEE 6X6', 0, 542, 1, 'FITTINGS'),
('FIT-009', NULL, 'BLACK TEE 2X2', 0, 16, 1, 'FITTINGS'),
('FIT-010', NULL, 'BLACK TEE 2X3', 0, 32, 1, 'FITTINGS'),
('FIT-011', NULL, 'BLACK TEE 3X3', 0, 35, 1, 'FITTINGS'),
('FIT-012', NULL, 'BLACK TEE 3X4', 0, 50, 1, 'FITTINGS'),
('FIT-013', NULL, 'BLACK TEE 4X2', 0, 38, 1, 'FITTINGS'),
('FIT-014', NULL, 'BLACK TEE 4X3', 0, 50, 1, 'FITTINGS'),
('FIT-015', NULL, 'BLACK TEE 4X4', 0, 60, 1, 'FITTINGS'),
('FIT-016', NULL, 'BLACK TEE 6X4', 0, 325, 1, 'FITTINGS'),
('FIT-017', NULL, 'BLACK TEE 6X6', 0, 390, 1, 'FITTINGS'),
('FIT-018', NULL, 'BLUE TEE 1/2', -1, 14, 1, 'FITTINGS'),
('FIT-019', NULL, 'BLUE TEE 3/4', 0, 19, 1, 'FITTINGS'),
('FIT-020', NULL, 'BLUE TEE 1', 0, 34, 1, 'FITTINGS'),
('FIT-021', NULL, 'BLUE TEE 1-1/4', 0, 49, 1, 'FITTINGS'),
('FIT-022', NULL, 'BLUE TEE 1-1/2', 0, 71, 1, 'FITTINGS'),
('FIT-023', '', 'BLUE TEE 2', 0, 124, 1, 'FITTINGS'),
('FIT-024', NULL, 'BLUE TEE 1/2 (W/THREAD)', 0, 15, 1, 'FITTINGS'),
('FIT-025', NULL, 'BLUE TEE 3/4 (W/THREAD)', 0, 21, 1, 'FITTINGS'),
('FIT-026', NULL, 'BLUE TEE 1 (W/THREAD)', 0, 38, 1, 'FITTINGS'),
('FIT-027', NULL, 'ORANGE ELBOW 1/4X2', -7, 25, 1, 'FITTINGS'),
('FIT-028', NULL, 'ORANGE ELBOW 1/4X3', 0, 53, 1, 'FITTINGS'),
('FIT-029', NULL, 'ORANGE ELBOW 1/4X4', 0, 96, 1, 'FITTINGS'),
('FIT-030', NULL, 'ORANGE ELBOW 1/4X6', 0, 370, 1, 'FITTINGS'),
('FIT-031', NULL, 'ORANGE ELBOW 1/8X2', -3, 21, 1, 'FITTINGS'),
('FIT-032', NULL, 'ORANGE ELBOW 1/8X3', 0, 40, 1, 'FITTINGS'),
('FIT-033', NULL, 'ORANGE ELBOW 1/8X4', 0, 82, 1, 'FITTINGS'),
('FIT-034', NULL, 'ORANGE ELBOW 1/8X6', 0, 280, 1, 'FITTINGS'),
('FIT-035', NULL, 'BLACK ELBOW 1/4X2', 0, 11, 1, 'FITTINGS'),
('FIT-036', NULL, 'BLACK ELBOW 1/4X3', 0, 32, 1, 'FITTINGS'),
('FIT-037', NULL, 'BLACK ELBOW 1/4X4', 0, 43, 1, 'FITTINGS'),
('FIT-038', NULL, 'BLACK ELBOW 1/4X6', 0, 230, 1, 'FITTINGS'),
('FIT-039', NULL, 'BLACK ELBOW 1/8X2', 0, 9, 1, 'FITTINGS'),
('FIT-040', NULL, 'BLACK ELBOW 1/8X3', 0, 17, 1, 'FITTINGS'),
('FIT-041', NULL, 'BLACK ELBOW 1/8X4', 0, 28, 1, 'FITTINGS'),
('FIT-042', NULL, 'BLACK ELBOW 1/8X6', 0, 170, 1, 'FITTINGS'),
('FIT-043', NULL, 'BLUE ELBOW 1/2', 0, 9, 1, 'FITTINGS'),
('FIT-044', NULL, 'BLUE ELBOW 3/4', 0, 14, 1, 'FITTINGS'),
('FIT-045', NULL, 'BLUE ELBOW 1', 0, 20, 1, 'FITTINGS'),
('FIT-046', NULL, 'BLUE ELBOW 1-1/4', 0, 32, 1, 'FITTINGS'),
('FIT-047', NULL, 'BLUE ELBOW 1-1/2', 0, 50, 1, 'FITTINGS'),
('FIT-048', NULL, 'BLUE ELBOW 2', 0, 75, 1, 'FITTINGS'),
('FIT-049', NULL, 'BLUE ELBOW 1/2 (W/THREAD)', 0, 14, 1, 'FITTINGS'),
('FIT-050', NULL, 'BLUE ELBOW 3/4 (W/THREAD)', 0, 18, 1, 'FITTINGS'),
('FIT-051', NULL, 'BLUE ELBOW 1 (W/THREAD)', 0, 23, 1, 'FITTINGS'),
('FIT-052', NULL, 'ORANGE WYE 2X2', -1, 38, 1, 'FITTINGS'),
('FIT-053', NULL, 'ORANGE WYE 2X3', 0, 61, 1, 'FITTINGS'),
('FIT-054', NULL, 'ORANGE WYE 3X3', 0, 81, 1, 'FITTINGS'),
('FIT-055', NULL, 'ORANGE WYE 3X4', 0, 122, 1, 'FITTINGS'),
('FIT-056', NULL, 'ORANGE WYE 4X2', 0, 97, 1, 'FITTINGS'),
('FIT-057', NULL, 'ORANGE WYE 4X3', 0, 45, 1, 'FITTINGS'),
('FIT-058', NULL, 'ORANGE WYE 4X4', 0, 165, 1, 'FITTINGS'),
('FIT-059', NULL, 'ORANGE WYE 6X4', 0, 465, 1, 'FITTINGS'),
('FIT-060', NULL, 'ORANGE WYE 6X6', 0, 637, 1, 'FITTINGS'),
('FIT-061', NULL, 'BLACK WYE 2X2', 0, 15, 1, 'FITTINGS'),
('FIT-062', NULL, 'BLACK WYE 2X3', 0, 30, 1, 'FITTINGS'),
('FIT-063', NULL, 'BLACK WYE 3X3', 0, 34, 1, 'FITTINGS'),
('FIT-064', NULL, 'BLACK WYE 3X4', 0, 45, 1, 'FITTINGS'),
('FIT-065', NULL, 'BLACK WYE 4X2', 0, 55, 1, 'FITTINGS'),
('FIT-066', NULL, 'BLACK WYE 4X4', 0, 37, 1, 'FITTINGS'),
('FIT-067', NULL, 'BLACK WYE 6X4', 0, 1, 1, 'FITTINGS'),
('FIT-068', NULL, 'BLACK WYE 6X6', 0, 1, 1, 'FITTINGS'),
('FIT-069', NULL, 'ORANGE REDUCER 2X3', 0, 25, 1, 'FITTINGS'),
('FIT-070', NULL, 'ORANGE REDUCER 4X2', 0, 48, 1, 'FITTINGS'),
('FIT-071', NULL, 'ORANGE REDUCER 4X3', -1, 50, 1, 'FITTINGS'),
('FIT-072', NULL, 'ORANGE REDUCER 6X4', 0, 150, 1, 'FITTINGS'),
('FIT-073', NULL, 'BLACK REDUCER 2X3', 0, 30, 1, 'FITTINGS'),
('FIT-074', NULL, 'BLACK REDUCER 4X2', 0, 38, 1, 'FITTINGS'),
('FIT-075', NULL, 'BLACK REDUCER 4X3', 0, 48, 1, 'FITTINGS'),
('FIT-076', NULL, 'BLACK REDUCER 6X4', 0, 1, 1, 'FITTINGS'),
('FIT-077', NULL, 'GI NIPPLE 1/2X2', 0, 13, 1, 'FITTINGS'),
('FIT-078', NULL, 'GI NIPPLE 1/2X3', 0, 16, 1, 'FITTINGS'),
('FIT-079', NULL, 'GI NIPPLE 1/2X4', 0, 19, 1, 'FITTINGS'),
('FIT-080', NULL, 'GI NIPPLE 1/2X5', 0, 26, 1, 'FITTINGS'),
('FIT-081', NULL, 'GI NIPPLE 1/2X6', 0, 30, 1, 'FITTINGS'),
('FIT-082', NULL, 'GI NIPPLE 1/2X7', 0, 34, 1, 'FITTINGS'),
('FIT-083', NULL, 'GI NIPPLE 1/2X8', 0, 39, 1, 'FITTINGS'),
('FIT-084', NULL, 'GI NIPPLE 1/2X9', 0, 45, 1, 'FITTINGS'),
('FIT-085', NULL, 'GI NIPPLE 1/2X10', 0, 47, 1, 'FITTINGS'),
('FIT-086', NULL, 'GI NIPPLE 1/2X11', 0, 50, 1, 'FITTINGS'),
('FIT-087', NULL, 'GI NIPPLE 1/2X12', 0, 53, 1, 'FITTINGS'),
('FIT-088', NULL, 'GI NIPPLE 1-1/2X2', 0, 1, 1, 'FITTINGS'),
('FIT-089', NULL, 'GI NIPPLE 1-1/2X3', 0, 1, 1, 'FITTINGS'),
('FIT-090', '', 'GI NIPPLE 1-1/2X4', 0, 1, 1, 'FITTINGS'),
('FIT-091', NULL, 'GI NIPPLE 1-1/2X5', 0, 1, 1, 'FITTINGS'),
('FIT-092', NULL, 'GI NIPPLE 1-1/2X6', 0, 1, 1, 'FITTINGS'),
('FIT-093', NULL, 'GI NIPPLE 1-1/2X7', 0, 1, 1, 'FITTINGS'),
('FIT-094', NULL, 'GI NIPPLE 1-1/2X8', 0, 1, 1, 'FITTINGS'),
('FIT-095', NULL, 'GI NIPPLE 1-1/2X9', 0, 1, 1, 'FITTINGS'),
('FIT-096', NULL, 'GI NIPPLE 1-1/2X10', 0, 1, 1, 'FITTINGS'),
('FIT-097', NULL, 'GI NIPPLE 1-1/2X11', 0, 1, 1, 'FITTINGS'),
('FIT-098', NULL, 'GI NIPPLE 1-1/2X12', 0, 1, 1, 'FITTINGS'),
('FIT-099', NULL, 'GI NIPPLE 1-1/4X2', 0, 1, 1, 'FITTINGS'),
('FIT-100', NULL, 'GI NIPPLE 1-1/4X3', 0, 1, 1, 'FITTINGS'),
('FIT-101', NULL, 'GI NIPPLE 1-1/4X4', 0, 1, 1, 'FITTINGS'),
('FIT-102', NULL, 'GI NIPPLE 1-1/4X5', 0, 1, 1, 'FITTINGS'),
('FIT-103', NULL, 'GI NIPPLE 1-1/4X6', 0, 1, 1, 'FITTINGS'),
('FIT-104', NULL, 'GI NIPPLE 1-1/4X7', 0, 1, 1, 'FITTINGS'),
('FIT-105', NULL, 'GI NIPPLE 1-1/4X8', 0, 1, 1, 'FITTINGS'),
('FIT-106', NULL, 'GI NIPPLE 1-1/4X9', 0, 1, 1, 'FITTINGS'),
('FIT-107', NULL, 'GI NIPPLE 1-1/4X10', 0, 1, 1, 'FITTINGS'),
('FIT-108', NULL, 'GI NIPPLE 1-1/4X11', 0, 1, 1, 'FITTINGS'),
('FIT-109', NULL, 'GI NIPPLE 1-1/4X12', 0, 1, 1, 'FITTINGS'),
('FIT-110', NULL, 'GI NIPPLE 1/2X1', 0, 1, 1, 'FITTINGS'),
('FIT-111', NULL, 'GI NIPPLE 1/2X2', 0, 1, 1, 'FITTINGS'),
('FIT-112', NULL, 'GI NIPPLE 1/2X3', 0, 1, 1, 'FITTINGS'),
('FIT-113', NULL, 'GI NIPPLE 1/2X4', 0, 1, 1, 'FITTINGS'),
('FIT-114', NULL, 'GI NIPPLE 1/2X5', 0, 1, 1, 'FITTINGS'),
('FIT-115', NULL, 'GI NIPPLE 1/2X6', 0, 1, 1, 'FITTINGS'),
('FIT-116', NULL, 'GI NIPPLE 1/2X7', 0, 1, 1, 'FITTINGS'),
('FIT-117', NULL, 'GI NIPPLE 1/2X8', 0, 1, 1, 'FITTINGS'),
('FIT-118', NULL, 'GI NIPPLE 1/2X9', 0, 1, 1, 'FITTINGS'),
('FIT-119', NULL, 'GI NIPPLE 1/2X10', 0, 1, 1, 'FITTINGS'),
('FIT-120', NULL, 'GI NIPPLE 1/2X11', 0, 1, 1, 'FITTINGS'),
('FIT-121', NULL, 'GI NIPPLE 1/2X12', 0, 1, 1, 'FITTINGS'),
('FIT-122', NULL, 'GI NIPPLE 3/4X1', 0, 1, 1, 'FITTINGS'),
('FIT-123', '', 'GI NIPPLE 3/4X2', 0, 15, 1, 'FITTINGS'),
('FIT-124', '', 'GI NIPPLE 3/4X3', 0, 19, 1, 'FITTINGS'),
('FIT-125', '', 'GI NIPPLE 3/4X4', 0, 24, 1, 'FITTINGS'),
('FIT-126', '', 'GI NIPPLE 3/4X5', 0, 32, 1, 'FITTINGS'),
('FIT-127', '', 'GI NIPPLE 3/4X6', -1, 40, 1, 'FITTINGS'),
('FIT-128', '', 'GI NIPPLE 3/4X7', 0, 43, 1, 'FITTINGS'),
('FIT-129', '', 'GI NIPPLE 3/4X8', 0, 48, 1, 'FITTINGS'),
('FIT-130', '', 'GI NIPPLE 3/4X9', 0, 51, 1, 'FITTINGS'),
('FIT-131', '', 'GI NIPPLE 3/4X10', 0, 58, 1, 'FITTINGS'),
('FIT-132', '', 'GI NIPPLE 3/4X11', 0, 63, 1, 'FITTINGS'),
('FIT-133', '', 'GI NIPPLE 3/4X12', 0, 70, 1, 'FITTINGS'),
('FIT-134', NULL, 'GI NIPPLE 1X1', 0, 1, 1, 'FITTINGS'),
('FIT-135', NULL, 'GI NIPPLE 1X2', 0, 1, 1, 'FITTINGS'),
('FIT-136', NULL, 'GI NIPPLE 1X3', 0, 1, 1, 'FITTINGS'),
('FIT-137', NULL, 'GI NIPPLE 1X4', 0, 1, 1, 'FITTINGS'),
('FIT-138', NULL, 'GI NIPPLE 1X5', 0, 1, 1, 'FITTINGS'),
('FIT-139', NULL, 'GI NIPPLE 1X6', 0, 1, 1, 'FITTINGS'),
('FIT-140', NULL, 'GI NIPPLE 1X7', 0, 1, 1, 'FITTINGS'),
('FIT-141', NULL, 'GI NIPPLE 1X8', 0, 1, 1, 'FITTINGS'),
('FIT-142', NULL, 'GI NIPPLE 1X9', 0, 1, 1, 'FITTINGS'),
('FIT-143', NULL, 'GI NIPPLE 1X10', 0, 1, 1, 'FITTINGS'),
('FIT-144', NULL, 'GI NIPPLE 1X11', 0, 1, 1, 'FITTINGS'),
('FIT-145', NULL, 'GI NIPPLE 1X12', 0, 1, 1, 'FITTINGS'),
('FIT-146', NULL, 'GI TEE 1/2X1/2', 1, 50, 1, 'FITTINGS'),
('FIT-147', NULL, 'GI TEE 3/4X3/4', 0, 70, 1, 'FITTINGS'),
('FIT-148', NULL, 'GI TEE 1X1', 0, 75, 1, 'FITTINGS'),
('FIT-149', NULL, 'GI TEE 1-1/2X1-1/2', 0, 175, 1, 'FITTINGS'),
('FIT-150', NULL, 'GI TEE 2X2', 0, 250, 1, 'FITTINGS'),
('FIT-151', NULL, 'GI ELBOW 1/2', 0, 30, 1, 'FITTINGS'),
('FIT-152', NULL, 'GI ELBOW 3/4', 0, 60, 1, 'FITTINGS'),
('FIT-153', NULL, 'GI ELBOW 1', -8, 70, 1, 'FITTINGS'),
('FIT-154', NULL, 'GI ELBOW 1-1/2', 0, 130, 1, 'FITTINGS'),
('FIT-155', NULL, 'GI ELBOW 2', 0, 200, 1, 'FITTINGS'),
('FIT-156', NULL, 'GI REDUCER 1/2X3/8', 0, 30, 1, 'FITTINGS'),
('FIT-157', NULL, 'GI REDUCER 1X3/4', 0, 56, 1, 'FITTINGS'),
('FIT-158', NULL, 'GI REDUCER 1X1/2', 0, 56, 1, 'FITTINGS'),
('FIT-159', NULL, 'GI REDUCER 3/4X1/2', 0, 42, 1, 'FITTINGS'),
('FIT-160', NULL, 'GI REDUCER 1-1/2X1', 0, 105, 1, 'FITTINGS'),
('FIT-161', NULL, 'GI REDUCER 1-1/4X1', 0, 95, 1, 'FITTINGS'),
('FIT-162', NULL, 'GI REDUCER 1-1/4X1/2', 0, 85, 1, 'FITTINGS'),
('FIT-163', NULL, 'GI REDUCER 1-1/4X3/4', 0, 90, 1, 'FITTINGS'),
('FIT-164', NULL, 'GI REDUCER 1-1/4X1-1/4', 0, 120, 1, 'FITTINGS'),
('FIT-165', NULL, 'GI REDUCER 2X1/2', 0, 130, 1, 'FITTINGS'),
('FIT-166', NULL, 'GI REDUCER 2X1', 0, 140, 1, 'FITTINGS'),
('FIT-167', NULL, 'GI REDUCER 2X1-1/4', 0, 160, 1, 'FITTINGS'),
('FIT-168', NULL, 'GI REDUCER 2X1-1/2', 0, 180, 1, 'FITTINGS'),
('FIT-169', NULL, 'GI REDUCER 2X3/4', 0, 135, 1, 'FITTINGS'),
('FIT-170', NULL, 'GI REDUCER 1-1/2X3/4', 0, 100, 1, 'FITTINGS'),
('FIT-171', NULL, 'GI COUPLING 1/2', 0, 30, 1, 'FITTINGS'),
('FIT-172', NULL, 'GI COUPLING 3/4', 0, 40, 1, 'FITTINGS'),
('FIT-173', NULL, 'GI COUPLING 1', 0, 60, 1, 'FITTINGS'),
('FIT-174', NULL, 'GI COUPLING 1-1/2', 0, 85, 1, 'FITTINGS'),
('FIT-175', NULL, 'GI COUPLING 2', 0, 140, 1, 'FITTINGS'),
('FIT-176', NULL, 'GI COUPLING 2-1/2', 0, 1, 1, 'FITTINGS'),
('FIT-177', NULL, 'GI COUPLING 3', 0, 1, 1, 'FITTINGS'),
('FIT-178', NULL, 'GI COUPLING 1-1/4', 0, 96, 1, 'FITTINGS'),
('FIT-179', NULL, 'GI UNION 1/2', 0, 95, 1, 'FITTINGS'),
('FIT-180', NULL, 'GI UNION 3/4', 0, 60, 1, 'FITTINGS'),
('FIT-181', NULL, 'GI UNION 1', 0, 70, 1, 'FITTINGS'),
('FIT-182', NULL, 'GI UNION 1-1/2', 0, 130, 1, 'FITTINGS'),
('FIT-183', NULL, 'GI UNION 2', 0, 200, 1, 'FITTINGS'),
('FIT-184', NULL, 'GI PLUG 1/2', 0, 30, 1, 'FITTINGS'),
('FIT-185', NULL, 'GI PLUG 3/4', 0, 40, 1, 'FITTINGS'),
('FIT-186', NULL, 'GI PLUG 1', 0, 45, 1, 'FITTINGS'),
('FIT-187', NULL, 'GI PLUG 1-1/2', 0, 130, 1, 'FITTINGS'),
('FIT-188', NULL, 'GI PLUG 2', 0, 180, 1, 'FITTINGS'),
('FIT-189', NULL, 'GI CAP 1/2', 0, 35, 1, 'FITTINGS'),
('FIT-190', NULL, 'GI CAP 3/4', 0, 40, 1, 'FITTINGS'),
('FIT-191', NULL, 'GI CAP 1', 0, 95, 1, 'FITTINGS'),
('FIT-192', NULL, 'GI CAP 1-1/2', 0, 130, 1, 'FITTINGS'),
('FIT-193', NULL, 'GI CAP 2', 0, 180, 1, 'FITTINGS'),
('FIT-194', '', 'PPR PIPE 1/2', -16, 280, 1, 'FITTINGS'),
('FIT-195', NULL, 'PPR PIPE 3/4', 0, 340, 1, 'FITTINGS'),
('FIT-196', NULL, 'PPR PIPE 1', 0, 580, 1, 'FITTINGS'),
('FIT-197', NULL, 'PPR CAP 1/2', 0, 30, 1, 'FITTINGS'),
('FIT-198', NULL, 'PPR CAP 3/4', 0, 45, 1, 'FITTINGS'),
('FIT-199', NULL, 'PPR CAP 1', 0, 70, 1, 'FITTINGS'),
('FIT-200', NULL, 'PPR COUPLING 1/2', 0, 30, 1, 'FITTINGS'),
('FIT-201', NULL, 'PPR COUPLING 3/4', 0, 45, 1, 'FITTINGS'),
('FIT-202', NULL, 'PPR COUPLING 1', 0, 70, 1, 'FITTINGS'),
('FIT-203', NULL, 'PPR ELBOW 1/2', 0, 30, 1, 'FITTINGS'),
('FIT-204', NULL, 'PPR ELBOW 3/4', 0, 45, 1, 'FITTINGS'),
('FIT-205', NULL, 'PPR ELBOW 1', 0, 70, 1, 'FITTINGS'),
('FIT-206', NULL, 'PPR TEE 1/2', 0, 30, 1, 'FITTINGS'),
('FIT-207', NULL, 'PPR TEE 3/4', 0, 45, 1, 'FITTINGS'),
('FIT-208', NULL, 'PPR TEE 1', 0, 70, 1, 'FITTINGS'),
('FIT-209', NULL, 'PPR UNION 1/2', 0, 95, 1, 'FITTINGS'),
('FIT-210', NULL, 'PPR UNION 3/4', 0, 140, 1, 'FITTINGS'),
('FIT-211', NULL, 'PPR UNION 1', 0, 180, 1, 'FITTINGS'),
('FIT-212', NULL, 'PPR GATE VALVE 1/2', 0, 380, 1, 'FITTINGS'),
('FIT-213', NULL, 'PPR GATE VALVE 3/4', 0, 480, 1, 'FITTINGS'),
('FIT-214', NULL, 'PPR BALL VALVE 1/2', 0, 280, 1, 'FITTINGS'),
('FIT-215', NULL, 'PPR BALL VALVE 3/4', 0, 480, 1, 'FITTINGS'),
('FIT-216', NULL, 'PPR ADAPTER 1/2', 0, 30, 1, 'FITTINGS'),
('FIT-217', NULL, 'PPR ADAPTER 3/4', 0, 45, 1, 'FITTINGS'),
('FIT-218', NULL, 'PPR ADAPTER 1', 0, 70, 1, 'FITTINGS'),
('FIT-219', NULL, 'PPR MALE ADAPTER 1/2', 0, 180, 1, 'FITTINGS'),
('FIT-220', NULL, 'PPR MALE ADAPTER 3/4', 0, 280, 1, 'FITTINGS'),
('FIT-221', NULL, 'PPR MALE ADAPTER 1', 0, 380, 1, 'FITTINGS'),
('FIT-222', NULL, 'PPR FEMALE ADAPTER 1/2', 0, 180, 1, 'FITTINGS'),
('FIT-223', NULL, 'PPR FEMALE ADAPTER 3/4', 0, 280, 1, 'FITTINGS'),
('FIT-224', NULL, 'PPR FEMALE ADAPTER 1', 0, 380, 1, 'FITTINGS'),
('FIT-225', NULL, 'PPR SHOWER VALVE 1/2', 0, 600, 1, 'FITTINGS'),
('FIT-226', NULL, 'BLUE MALE ADAPTER 1/2', 0, 11, 1, 'FITTINGS'),
('FIT-227', NULL, 'BLUE MALE ADAPTER 3/4', 0, 12, 1, 'FITTINGS'),
('FIT-228', NULL, 'BLUE MALE ADAPTER 1', 0, 20, 1, 'FITTINGS'),
('FIT-229', NULL, 'BLUE MALE ADAPTER 1-1/4', 0, 28, 1, 'FITTINGS'),
('FIT-230', NULL, 'BLUE MALE ADAPTER 1-1/2', 0, 41, 1, 'FITTINGS'),
('FIT-231', NULL, 'BLUE MALE ADAPTER 2', 0, 73, 1, 'FITTINGS'),
('FIT-232', NULL, 'BLUE FEMALE ADAPTER 1/2', 0, 11, 1, 'FITTINGS'),
('FIT-233', NULL, 'BLUE FEMALE ADAPTER 3/4', 0, 12, 1, 'FITTINGS'),
('FIT-234', NULL, 'BLUE FEMALE ADAPTER 1', 0, 20, 1, 'FITTINGS'),
('FIT-235', NULL, 'BLUE FEMALE ADAPTER 1-1/4', 0, 28, 1, 'FITTINGS'),
('FIT-236', NULL, 'BLUE FEMALE ADAPTER 1-1/2', 0, 41, 1, 'FITTINGS'),
('FIT-237', NULL, 'BLUE FEMALE ADAPTER 2', 0, 73, 1, 'FITTINGS'),
('FIT-238', NULL, 'ORANGE LONG ELBOW 1/2', 0, 16, 1, 'FITTINGS'),
('FIT-239', NULL, 'ORANGE LONG ELBOW 3/4', 0, 22, 1, 'FITTINGS'),
('FIT-240', NULL, 'ORANGE LONG ELBOW 1', 0, 44, 1, 'FITTINGS'),
('FIT-241', NULL, 'ORANGE LONG ELBOW 1-1/4', 0, 63, 1, 'FITTINGS'),
('FIT-242', NULL, 'ORANGE LONG ELBOW 1-1/2', 0, 75, 1, 'FITTINGS'),
('FIT-243', NULL, 'ORANGE LONG ELBOW 2', 0, 128, 1, 'FITTINGS'),
('FIT-244', NULL, 'ORANGE MALE ADAPTER 1/2', 0, 11, 1, 'FITTINGS'),
('FIT-245', NULL, 'ORANGE MALE ADAPTER 3/4', 0, 13, 1, 'FITTINGS'),
('FIT-246', NULL, 'ORANGE MALE ADAPTER 1', 0, 20, 1, 'FITTINGS'),
('FIT-247', NULL, 'ORANGE MALE ADAPTER 1-1/4', 0, 29, 1, 'FITTINGS'),
('FIT-248', NULL, 'ORANGE MALE ADAPTER 1-1/2', 0, 41, 1, 'FITTINGS'),
('FIT-249', NULL, 'ORANGE MALE ADAPTER 2', 0, 73, 1, 'FITTINGS'),
('FIT-250', NULL, 'ORANGE P-TRAP 2', 0, 66, 1, 'FITTINGS'),
('FIT-251', NULL, 'ORANGE P-TRAP 3', 0, 140, 1, 'FITTINGS'),
('FIT-252', NULL, 'ORANGE P-TRAP 4', 0, 262, 1, 'FITTINGS'),
('FIT-253', NULL, 'BLACK P-TRAP 2', 0, 40, 1, 'FITTINGS'),
('FIT-254', NULL, 'BLACK P-TRAP 3', 0, 150, 1, 'FITTINGS'),
('FIT-255', NULL, 'BLACK P-TRAP 4', 0, 160, 1, 'FITTINGS'),
('FIT-256', NULL, 'ORANGE COUPLING 2', 0, 15.5, 1, 'FITTINGS'),
('FIT-257', NULL, 'ORANGE COUPLING 3', 0, 28, 1, 'FITTINGS'),
('FIT-258', NULL, 'ORANGE COUPLING 4', 0, 55, 1, 'FITTINGS'),
('FIT-259', NULL, 'ORANGE COUPLING 6', 0, 194, 1, 'FITTINGS'),
('FIT-260', NULL, 'BLACK COUPLING 2', 0, 7.5, 1, 'FITTINGS'),
('FIT-261', NULL, 'BLACK COUPLING 3', 0, 15, 1, 'FITTINGS'),
('FIT-262', NULL, 'BLACK COUPLING 4', 0, 22, 1, 'FITTINGS'),
('FIT-263', NULL, 'BLACK COUPLING 6', 0, 200, 1, 'FITTINGS'),
('FIT-264', NULL, 'ORANGE CLEAN-OUT 2', 0, 20, 1, 'FITTINGS'),
('FIT-265', NULL, 'ORANGE CLEAN-OUT 3', 0, 38, 1, 'FITTINGS'),
('FIT-266', NULL, 'ORANGE CLEAN-OUT 4', -2, 65, 1, 'FITTINGS'),
('FIT-267', NULL, 'ORANGE CLEAN-OUT 6', 0, 385, 1, 'FITTINGS'),
('FIT-268', NULL, 'BLACK CLEAN-OUT 2', 0, 10, 1, 'FITTINGS'),
('FIT-269', NULL, 'BLACK CLEAN-OUT 3', 0, 20, 1, 'FITTINGS'),
('FIT-270', NULL, 'BLACK CLEAN-OUT 4', 0, 32, 1, 'FITTINGS'),
('FIT-271', NULL, 'BLACK CLEAN-OUT 6', 0, 1, 1, 'FITTINGS'),
('FIT-272', NULL, 'HOSE COUPLING 5/8', 0, 48, 1, 'FITTINGS'),
('FIT-273', NULL, 'HOSE COUPLING 1/2', 0, 45, 1, 'FITTINGS'),
('FIT-274', NULL, 'HOSE COUPLING 3/4', 0, 55, 1, 'FITTINGS'),
('FIT-275', NULL, 'PB END CAP 1/2', 0, 48, 1, 'FITTINGS'),
('FIT-276', NULL, 'HOSE REPAIR FEMALE 1/2', 0, 45, 1, 'FITTINGS'),
('FIT-277', NULL, 'HOSE REPAIR MALE 1/2', 0, 45, 15, 'FITTINGS'),
('FIT-278', NULL, 'REPLACEMENT PIECE 1/2', 0, 190, 1, 'FITTINGS'),
('FIT-279', NULL, 'REPLACEMENT PIECE 3/4', 0, 280, 1, 'FITTINGS'),
('FIT-280', NULL, 'PB CONNECTOR 1/2', 0, 240, 1, 'FITTINGS'),
('FIT-281', NULL, 'PB CONNECTOR 3/4', 0, 340, 1, 'FITTINGS'),
('FIT-282', NULL, 'YKE BRASS PIPE FITTING', 0, 280, 1, 'FITTINGS'),
('GLOVE-001', NULL, 'RUBBER GLOVES', 0, 65, 1, 'GLOVES'),
('HANDLE-001', NULL, 'IONIC SOLID HANDLE 4', 0, 13, 1, 'HANDLE'),
('HANDLE-002', NULL, 'IONIC SOLID HANDLE 5', 0, 20, 1, 'HANDLE'),
('HANDLE-003', NULL, 'IONIC SOLID HANDLE 6', 0, 25, 1, 'HANDLE'),
('HANDLE-004', NULL, 'ANTIGNE HANDLE 2043 (SMALL)', 0, 45, 1, 'HANDLE'),
('HANDLE-005', NULL, 'ANTIGNE HANDLE 2004 (BIG)', 0, 65, 1, 'HANDLE'),
('HANDLE-006', NULL, 'ANTIGNE HANDLE 2042 (BIG)', 0, 65, 1, 'HANDLE'),
('HINGE-001', NULL, 'STANLEY HINGE 3X3', 0, 75, 1, 'HINGE'),
('HINGE-002', NULL, 'STANLEY HINGE 3-1/2X3-1/2', 0, 85, 1, 'HINGLE'),
('HINGE-003', NULL, 'STANLEY HINGES 4X4', 0, 95, 1, 'HINGE'),
('HINGE-004', NULL, 'BRASS HINGE 1/2X2', 0, 10, 1, 'HINGE'),
('HINGE-005', NULL, 'BRASS HINGE 1X2', 0, 12, 1, 'HINGE'),
('HINGE-006', NULL, 'BRASS HINGE 1-1/2X3', 0, 20, 1, 'HINGE'),
('HINGE-007', NULL, 'BRASS HINGE 2X3', 0, 24, 1, 'HINGE'),
('HINGE-008', NULL, 'CYLINDRICAL HINGE 1/2', 0, 55, 1, 'HINGE'),
('HINGE-009', NULL, 'CYLINDRICAL HINGE 5/8', 0, 75, 1, 'HINGE'),
('HINGE-010', NULL, 'CYLINDRICAL HINGE 3/4', 0, 85, 1, 'HINGE'),
('HINGE-011', NULL, 'CYLINDRICAL HINGE 1', 0, 95, 1, 'HINGE'),
('HOSE-001', NULL, 'RAINBOW HOSE 1/2 (METER)', 0, 22, 1, 'HOSE'),
('HOSE-002', '', 'RAINBOW HOSE 1/2 (1 ROLL)', 0, 1200, 1, 'HOSE'),
('HOSE-003', NULL, 'RAINBOW HOSE 5/8 (METER)', 0, 32, 1, 'HOSE'),
('HOSE-004', '', 'RAINBOW HOSE 5/8 (1 ROLL)', 0, 1700, 1, 'HOSE'),
('HOSE-005', NULL, 'RAINBOW HOSE 3/4 (METER)', -10, 36, 1, 'HOSE'),
('HOSE-006', '', 'RAINBOW HOSE 3/4 (1 ROLL)', 0, 1900, 1, 'HOSE'),
('HOSE-007', NULL, 'RUBBER HOSE 1/2 (METER)', 0, 22, 1, 'HOSE'),
('HOSE-008', '', 'RUBBER HOSE 1/2 (1 ROLL)', 0, 1200, 1, 'HOSE'),
('HOSE-009', NULL, 'RUBBER HOSE 5/8 (METER)', 0, 32, 1, 'HOSE'),
('HOSE-010', '', 'RUBBER HOSE 5/8 (1 ROLL)', 0, 1500, 1, 'HOSE'),
('HOSE-011', '', 'RUBBER HOSE 3/4 (METER)', 0, 33, 1, 'HOSE'),
('HOSE-012', '', 'RUBBER HOSE 3/4 (1 ROLL)', 0, 2800, 1, 'HOSE'),
('HOSE-013', NULL, 'RUBBER HOSE 1 (METER)', 0, 38, 1, 'HOSE'),
('HOSE-014', '', 'RUBBER HOSE 1 (1 ROLL)', 0, 3000, 1, 'HOSE'),
('HOSE-015', '', 'P.E HOSE 1/2 (75 METERS)', 0, 750, 1, 'HOSE'),
('HOSE-016', '', 'P.E HOSE 3/4 (75 METERS)', 0, 850, 1, 'HOSE'),
('HOSE-017', '', 'P.E HOSE 1 (50 METERS)', 0, 950, 1, 'HOSE'),
('HOSE-018', '', 'P.E HOSE 1-1/4 (50 METERS)', 0, 1250, 1, 'HOSE'),
('HOSE-019', '', 'P.E HOSE 1-1/2 (50 METERS)', 0, 1450, 1, 'HOSE'),
('HOSE-020', '', 'P.E HOSE 2 (50 METERS)', 0, 1950, 1, 'HOSE'),
('HOSE-021', NULL, 'P.E HOSE 3 (6 METERS)', 0, 500, 1, 'HOSE'),
('HOSE-022', NULL, 'P.E HOSE 4 (6 METERS)', 0, 650, 1, 'HOSE'),
('HOSE-023', NULL, 'P.E HOSE 6 (6 METERS)', 0, 1200, 1, 'HOSE'),
('HOSE-024', NULL, 'LEVEL HOSE 3/8 (1 METER)', 0, 10, 1, 'HOSE'),
('HOSE-025', NULL, 'LEVEL HOSE 1/2 (1 METER)', 0, 13, 1, 'HOSE'),
('HOSE-026', NULL, 'PB HOSE BLACK LIGHT DUTY (1 METER)', 0, 22, 1, 'HOSE'),
('HOSE-027', NULL, 'PB HOSE BLACK LIGHT DUTY (150 METERS)', 0, 3300, 1, 'HOSE'),
('HOSE-028', NULL, 'PB HOSE BLUE HEAVY DUTY (1 METER)', 0, 25, 1, 'HOSE'),
('HOSE-029', NULL, 'PB HOSE BLUE HEAVY DUTY (300 METERS)', 0, 7500, 1, 'HOSE'),
('INSU-001', NULL, 'FOAM INSULATION SINGLE (5MM)', 0, 1, 1, 'INSULATION'),
('INSU-002', NULL, 'FOAM INSULATION SINGLE (10MM)', 0, 1, 1, 'INSULATION'),
('INSU-003', NULL, 'FOAM INSULATION DOUBLE (5MM)', 0, 2900, 1, 'INSULATION'),
('INSU-004', NULL, 'FOAM INSULATION DOUBLE (10MM)', 0, 3900, 1, 'INSULATION'),
('MISC-001', '', 'AMERILOCK DRAWER GUIDE LIGHT DUTY 12', 0, 65, 1, 'MISCELLANEOUS'),
('MISC-002', '', 'AMERILOCK DRAWER GUIDE LIGHT DUTY 14', 0, 85, 1, 'MISCELLANEOUS'),
('MISC-003', '', 'AMERILOCK DRAWER GUIDE LIGHT DUTY 16', 0, 95, 1, 'MISCELLANEOUS'),
('MISC-004', '', 'AMERILOCK DRAWER GUIDE LIGHT DUTY 18', 0, 110, 1, 'MISCELLANEOUS'),
('MISC-005', '', 'AMERILOCK DRAWER GUIDE LIGHT DUTY 20', 0, 120, 1, 'MISCELLANEOUS'),
('MISC-006', '', 'AMERILOCK DRAWER GUIDE HEAVY DUTY 12', 0, 180, 1, 'MISCELLANEOUS'),
('MISC-007', NULL, 'AMERILOCK DRAWER GUIDE HEAVY DUTY 14', 0, 280, 1, 'MISCELLANEOUS'),
('MISC-008', NULL, 'AMERILOCK DRAWER GUIDE HEAVY DUTY 16', 0, 320, 1, 'MISCELLANEOUS'),
('MISC-009', NULL, 'AMERILOCK DRAWER GUIDE HEAVY DUTY 18', 0, 380, 1, 'MISCELLANEOUS'),
('MISC-010', NULL, 'AMERILOCK DRAWER GUIDE HEAVY DUTY 20', 0, 420, 1, 'MISCELLANEOUS'),
('MISC-011', NULL, 'PLUMB BOB (300 GRAMS)', 0, 120, 1, 'MISCELLANEOUS'),
('MISC-012', NULL, 'PLUMB BOB (500 GRAMS)', 0, 140, 1, 'MISCELLANEOUS'),
('MISC-013', '', 'CRABORUNDUM (SHORT)', 0, 140, 1, 'MISCELLANEOUS'),
('MISC-014', '', 'CARBORUNDUM (LONG)', 0, 180, 1, 'MISCELLANEOUS'),
('MISC-015', NULL, 'PVC FLOOR DRAIN', 0, 35, 1, 'MISCELLANEOUS'),
('MISC-016', NULL, 'OHAYO FLOOR DRAIN W/BASKET', 0, 120, 22, 'MISCELLANEOUS'),
('MISC-017', NULL, 'AMETEK PRESSURE GAUGE', 0, 180, 80, 'MISCELLANEOUS'),
('NAIL-001', NULL, 'COMMON NAIL 1 (1/4 KILO)', -2, 21, 1, 'NAILS'),
('NAIL-002', NULL, 'COMMON NAIL 1 (1/2 KILO)', -2, 43, 1, 'NAILS'),
('NAIL-003', NULL, 'COMMON NAIL 1 (1 KILO)', 0, 85, 1, 'NAILS'),
('NAIL-004', NULL, 'COMMON NAIL 1 (BOX)', 1, 1500, 1, 'NAILS'),
('NAIL-005', NULL, 'COMMON NAIL 1-1/2 (1/4 KILO)', 0, 21, 1, 'NAILS'),
('NAIL-006', NULL, 'COMMON NAIL 1-1/2 (1/2 KILO)', -1, 43, 1, 'NAILS'),
('NAIL-007', NULL, 'COMMON NAIL 1-1/2 (1 KILO)', 0, 85, 1, 'NAILS'),
('NAIL-008', NULL, 'COMMON NAIL 1-1/2 (1 BOX)', 3, 1450, 1, 'NAILS'),
('NAIL-009', NULL, 'COMMON NAIL 2 (1/4 KILO)', 0, 19, 1, 'NAILS'),
('NAIL-010', NULL, 'COMMON NAIL 2 (1/2 KILO)', -4, 38, 1, 'NAILS'),
('NAIL-011', NULL, 'COMMON NAIL 2 (1 KILO)', -13, 75, 1, 'NAILS'),
('NAIL-012', NULL, 'COMMON NAIL 2 (1 BOX)', 23, 1400, 1, 'NAILS'),
('NAIL-013', NULL, 'COMMON NAIL 2-1/2 (1/4 KILO)', 0, 19, 1, 'NAILS'),
('NAIL-014', NULL, 'COMMON NAIL 2-1/2 (1/2 KILO)', -1, 38, 1, 'NAILS'),
('NAIL-015', NULL, 'COMMON NAIL 2-1/2 (1 KILO)', -2, 75, 1, 'NAILS'),
('NAIL-016', NULL, 'COMMON NAIL 2-1/2 (1 BOX)', 2, 1400, 1, 'NAILS'),
('NAIL-017', NULL, 'COMMON NAIL 3 (1/4 KILO)', -1, 18, 1, 'NAILS'),
('NAIL-018', '', 'COMMON NAIL 3 (1/2 KILO)', -1, 35, 1, 'NAILS'),
('NAIL-019', '', 'COMMON NAIL 3 (1 KILO)', -33, 70, 1, 'NAILS'),
('NAIL-020', '', 'COMMON NAIL 3 (1 BOX)', 11, 1350, 1, 'NAILS'),
('NAIL-021', '', 'COMMON NAIL 4 (1/4 KILO)', 0, 18, 1, 'NAILS'),
('NAIL-022', '', 'COMMON NAIL 4 (1/2 KILO)', 0, 35, 1, 'NAILS'),
('NAIL-023', '', 'COMMON NAIL 4 (1 KILO)', -17, 70, 1, 'NAILS'),
('NAIL-024', '', 'COMMON NAIL 4 (1 BOX)', 23, 1300, 1, 'NAILS'),
('NAIL-025', '', 'FINISHING NAIL 1 (1/4 KILO)', -1, 24, 1, 'NAILS'),
('NAIL-026', '', 'FINISHING NAIL 1 (1/2 KILO)', 0, 48, 1, 'NAILS'),
('NAIL-027', '', 'FINISHING NAIL 1 (1 KILO)', 0, 95, 1, 'NAILS'),
('NAIL-028', '', 'FINISHING NAIL 1 (1 BOX)', 2, 1550, 1, 'NAILS'),
('NAIL-029', '', 'FINISHING NAIL 1-1/2 (1/4 KILO)', 0, 24, 1, 'NAILS'),
('NAIL-030', '', 'FINISHING NAIL 1-1/2 (1/2 KILO)', 0, 48, 1, 'NAILS'),
('NAIL-031', '', 'FINISHING NAIL 1-1/2 (1 KILO)', 0, 95, 1, 'NAILS'),
('NAIL-032', '', 'FINISHING NAIL 1-1/2 (1 BOX)', 3, 1500, 1, 'NAILS'),
('NAIL-033', '', 'FINISHING NAIL 2 (1/4 KILO)', 0, 21, 1, 'NAILS'),
('NAIL-034', '', 'FINISHING NAIL 2 (1/2 KILO)', 0, 43, 1, 'NAILS'),
('NAIL-035', '', 'FINISHING NAIL 2 (1 KILO)', -4, 85, 1, 'NAILS'),
('NAIL-036', '', 'FINISHING NAIL 2 (1 BOX)', 3, 1410, 1, 'NAILS'),
('NAIL-037', '', 'FINISHING NAIL 2-1/2 (1/4 KILO)', 0, 21, 1, 'NAILS'),
('NAIL-038', '', 'FINISHING NAIL 2-1/2 (1/2 KILO)', 0, 43, 1, 'NAILS'),
('NAIL-039', '', 'FINISHING NAIL 2-1/2 (1 KILO)', 0, 85, 1, 'NAILS'),
('NAIL-040', '', 'FINISHING NAIL 2-1/2 (1 BOX)', 0, 1410, 1, 'NAILS'),
('NAIL-041', '', 'FINISHING NAIL 3 (1/4 KILO)', 0, 19, 1, 'NAILS'),
('NAIL-042', '', 'FINISHING NAIL 3 (1/2 KILO)', -1, 38, 1, 'NAILS'),
('NAIL-043', '', 'FINISHING NAIL 3 (1 KILO)', 0, 75, 1, 'NAILS'),
('NAIL-044', '', 'FINISHING NAIL 3 (1 BOX)', 1, 1330, 1, 'NAILS'),
('NAIL-045', '', 'FINISHING NAIL 4 (1/4 KILO)', 0, 1, 1, 'NAILS'),
('NAIL-046', '', 'FINISHING NAIL 4 (1/2 KILO)', 0, 1, 1, 'NAILS'),
('NAIL-047', '', 'FINISHING NAIL 4 (1 KILO)', 0, 1, 1, 'NAILS'),
('NAIL-048', '', 'FINISHING NAIL 4 (1 BOX)', 0, 1280, 1, 'NAILS'),
('NAIL-049', '', 'CONCRETE NAIL 1 (1/4 KILO)', 0, 25, 1, 'NAILS'),
('NAIL-050', '', 'CONCRETE NAIL 1 (1/2 KILO)', 0, 50, 1, 'NAILS'),
('NAIL-051', '', 'CONCRETE NAIL 1 (1 KILO)', 0, 100, 1, 'NAILS'),
('NAIL-052', NULL, 'CONCRETE NAIL 1 (1 BOX)', 1, 2000, 1, 'NAILS'),
('NAIL-053', NULL, 'CONCRETE NAIL 1-1/2 (1/4 KILO)', 0, 25, 1, 'NAILS'),
('NAIL-054', NULL, 'CONCRETE NAIL 1-1/2 (1/2 KILO)', 0, 50, 1, 'NAILS'),
('NAIL-055', NULL, 'CONCRETE NAIL 1-1/2 (1 KILO)', 0, 100, 1, 'NAILS'),
('NAIL-056', NULL, 'CONCRETE NAIL 1-1/2 (1 BOX)', 4, 2000, 1, 'NAILS'),
('NAIL-057', NULL, 'CONCRETE NAIL 2 (1/4 KILO)', 0, 25, 1, 'NAILS'),
('NAIL-058', '', 'CONCRETE NAIL 2 (1/2 KILO)', 0, 50, 1, 'NAILS'),
('NAIL-059', '', 'CONCRETE NAIL 2 (1 KILO)', 0, 100, 1, 'NAILS'),
('NAIL-060', '', 'CONCRETE NAIL 2 (1 BOX)', 5, 2000, 1, 'NAILS'),
('NAIL-061', '', 'CONCRETE NAIL 3 (1/4 KILO)', 0, 25, 1, 'NAILS'),
('NAIL-062', '', 'CONCRETE NAIL 3 (1/2 KILO)', -1, 50, 1, 'NAILS'),
('NAIL-063', NULL, 'CONCRETE NAIL 3 (1 KILO)', -1, 100, 1, 'NAILS'),
('NAIL-064', NULL, 'CONCRETE NAIL 3 (1 BOX)', 9, 2000, 1, 'NAILS'),
('NAIL-065', '', 'CONCRETE NAIL 4 (1/4 KILO)', -1, 25, 1, 'NAILS'),
('NAIL-066', '', 'CONCRETE NAIL 4 (1/2 KILO)', -1, 50, 1, 'NAILS'),
('NAIL-067', '', 'CONCRETE NAIL 4 (1 KILO)', 0, 100, 1, 'NAILS'),
('NAIL-068', '', 'CONCRETE NAIL 4 (1 BOX)', 2, 2000, 1, 'NAILS'),
('NAIL-069', NULL, 'UMBRELLA NAIL (1/4 KILO)', 0, 25, 1, 'NAILS'),
('NAIL-070', NULL, 'UMBRELLA NAIL (1/2 KILO)', 0, 50, 1, 'NAILS'),
('NAIL-071', NULL, 'UMBRELLA NAIL (1 KILO)', -2, 100, 1, 'NAILS'),
('NAIL-072', NULL, 'UMBRELLA NAIL (1 BOX)', 0, 1, 1, 'NAILS'),
('NAIL-073', NULL, 'HARDENAIL (1/4 KILO)', 0, 35, 1, 'NAILS'),
('NAIL-074', NULL, 'HARDENAIL (1/2 KILO)', 0, 70, 1, 'NAILS'),
('NAIL-075', NULL, 'HARDENAIL (1 KILO)', 0, 140, 1, 'NAILS'),
('NAIL-076', NULL, 'HARDENAIL (1 BOX)', 3, 3000, 1, 'NAILS'),
('NAIL-077', NULL, 'FLATHEAD NAIL (1/4 KILO)', 0, 35, 1, 'NAILS'),
('NAIL-078', NULL, 'FLATHEAD NAIL (1/2 KILO)', 0, 70, 1, 'NAILS'),
('NAIL-079', NULL, 'FLATHEAD NAIL (1 KILO)', 0, 140, 1, 'NAILS'),
('NAIL-080', NULL, 'FLATHEAD NAIL (1 BOX)', 0, 1, 1, 'NAILS'),
('NAIL-081', NULL, 'LANGUETA', -1, 100, 1, 'NAILS'),
('PAINT-001', NULL, 'PUREE SANDING SEALER (1 BOTTLE)', 0, 65, 1, 'PAINT'),
('PAINT-002', NULL, 'PUREE SANDING SEALER (1 LITER)', 0, 165, 1, 'PAINT'),
('PAINT-003', NULL, 'PUREE SANDING SEALER (1 GALLON)', -4, 565, 1, 'PAINT'),
('PAPER-001', '', 'SAND PAPER #60 (PIECE)', 0, 12, 1, 'PAPERS'),
('PAPER-002', '', 'SAND PAPER #80 (PIECE)', 0, 12, 1, 'PAPERS'),
('PAPER-003', NULL, 'SAND PAPER #100 (PIECE)', -1, 12, 1, 'PAPERS'),
('PAPER-004', NULL, 'SAND PAPER #120 (PIECE)', 0, 12, 1, 'PAPERS'),
('PAPER-005', '', 'SAND PAPER #150 (PIECE)', -15, 12, 1, 'PAPERS'),
('PAPER-006', NULL, 'SAND PAPER #180 (PIECE)', -10, 12, 1, 'PAPERS'),
('PAPER-007', NULL, 'SAND PAPER #220 (PIECE)', -2, 12, 1, 'PAPERS'),
('PAPER-008', NULL, 'SAND PAPER #240 (PIECE)', 0, 12, 1, 'PAPERS'),
('PAPER-009', NULL, 'SAND PAPER #280 (PIECE)', 0, 12, 1, 'PAPERS'),
('PAPER-010', NULL, 'SAND PAPER #320 (PIECE)', 0, 12, 1, 'PAPERS'),
('PAPER-011', NULL, 'SAND PAPER #360 (PIECE)', 0, 12, 1, 'PAPERS'),
('PAPER-012', NULL, 'SAND PAPER #400 (PIECE)', 0, 12, 1, 'PAPERS'),
('PAPER-013', NULL, 'SAND PAPER #600 (PIECE)', 0, 12, 1, 'PAPERS'),
('PAPER-014', NULL, 'SAND PAPER #1000 (PIECE)', 0, 12, 1, 'PAPERS'),
('PAPER-015', NULL, 'SAND PAPER #36 (YARD)', 0, 265, 1, 'PAPERS'),
('PAPER-016', NULL, 'SAND PAPER #40 (YARD)', 0, 265, 1, 'PAPERS'),
('PAPER-017', NULL, 'SAND PAPER #60 (YARD)', 0, 265, 1, 'PAPERS'),
('PAPER-018', NULL, 'SAND PAPER #80 (YARD)', 0, 205, 1, 'PAPERS'),
('PAPER-019', NULL, 'SAND PAPER #100 (YARD)', 0, 185, 1, 'PAPERS'),
('PAPER-020', NULL, 'SAND PAPER #120 (YARD)', 0, 145, 1, 'PAPERS'),
('PAPER-021', NULL, 'SAND PAPER #180 (YARD)', 0, 145, 1, 'PAPERS'),
('PAPER-022', NULL, 'SAND PAPER #260 (YARD)', 0, 145, 1, 'PAPERS'),
('PAPER-023', NULL, 'ROUND SAND PAPER #60', 0, 35, 1, 'PAPERS'),
('PAPER-024', NULL, 'ROUND SAND PAPER #80', 0, 35, 1, 'PAPERS'),
('PAPER-025', NULL, 'ROUND SAND PAPER #100', 0, 35, 1, 'PAPERS'),
('PAPER-026', NULL, 'ROUND SAND PAPER #120', 0, 35, 1, 'PAPERS'),
('PIPE-001', '', 'GI PIPE 1/2 (S-20)', 0, 300, 1, 'PIPES'),
('PIPE-002', NULL, 'GI PIPE 3/4 (S-20)', 30, 375, 1, 'PIPES'),
('PIPE-003', NULL, 'GI PIPE 1 (S-20)', 7, 540, 1, 'PIPES'),
('PIPE-004', NULL, 'GI PIPE 1-1/4 (S-20)', 4, 745, 1, 'PIPES'),
('PIPE-005', '', 'GI PIPE 1-1/2 (S-20)', 43, 850, 1, 'PIPES'),
('PIPE-006', NULL, 'GI PIPE 2 (S-20)', 1, 1200, 1, 'PIPES'),
('PIPE-007', NULL, 'GI PIPE 3 (S-20)', 10, 2200, 1, 'PIPES'),
('PIPE-008', NULL, 'GI PIPE 4 (S-20)', 5, 3150, 1, 'PIPES'),
('PIPE-009', NULL, 'GI PIPE 1/2 (S-40)', 49, 360, 1, 'PIPES'),
('PIPE-010', NULL, 'GI PIPE 3/4 (S-40)', 11, 450, 1, 'PIPES'),
('PIPE-011', '', 'GI PIPE 1 (S-40)', 19, 650, 1, 'PIPES'),
('PIPE-012', '', 'GI PIPE 1-1/4 (S-40)', 20, 960, 1, 'PIPES'),
('PIPE-013', '', 'GI PIPE 1-1/2 (S-40)', 47, 1150, 1, 'PIPES'),
('PIPE-014', '', 'GI PIPE 2 (S-40)', 8, 1520, 1, 'PIPES'),
('PIPE-015', NULL, 'GI PIPE 3 (S-40)', 18, 2560, 1, 'PIPES'),
('PIPE-016', NULL, 'GI PIPE 4 (S-40)', 0, 3780, 1, 'PIPES'),
('PIPE-017', '', 'BI PIPE 1/2 (S-20)', 0, 295, 1, 'PIPES'),
('PIPE-018', '', 'BI PIPE 3/4 (S-20)', 7, 375, 1, 'PIPES'),
('PIPE-019', '', 'BI PIPE 1 (S-20)', 0, 515, 1, 'PIPES'),
('PIPE-020', '', 'BI PIPE 1-1/4 (S-20)', 3, 790, 1, 'PIPES'),
('PIPE-021', '', 'BI PIPE 1-1/2 (S-20)', 2, 920, 1, 'PIPES'),
('PIPE-022', '', 'BI PIPE 2 (S-20)', 0, 1240, 1, 'PIPES'),
('PIPE-023', '', 'BI PIPE 3 (S-20)', 0, 2130, 1, 'PIPES'),
('PIPE-024', '', 'ORANGE PIPE 2', 137, 231, 1, 'PIPES'),
('PIPE-025', NULL, 'ORANGE PIPE 3', 134, 462, 1, 'PIPES'),
('PIPE-026', NULL, 'ORANGE PIPE 4', 74, 616, 1, 'PIPES'),
('PIPE-027', NULL, 'ORANGE PIPE 6', 2, 1320, 1, 'PIPES'),
('PIPE-028', NULL, 'BLACK PIPE 2', 90, 200, 1, 'PIPES'),
('PIPE-029', NULL, 'BLACK PIPE 3', 42, 260, 1, 'PIPES'),
('PIPE-030', NULL, 'BLACK PIPE 4', 119, 325, 1, 'PIPES'),
('PIPE-031', NULL, 'BLACK PIPE 6', 17, 700, 1, 'PIPES'),
('PIPE-032', NULL, 'BLUE PIPE 1/2', 0, 70, 1, 'PIPES'),
('PIPE-033', NULL, 'BLUE PIPE 3/4', 0, 99, 1, 'PIPES'),
('PIPE-034', NULL, 'BLUE PIPE 1', 0, 143, 1, 'PIPES'),
('PIPE-035', NULL, 'BLUE PIPE 1-1/4', 0, 176, 1, 'PIPES'),
('PIPE-036', NULL, 'BLUE PIPE 1-1/2', 0, 267, 1, 'PIPES'),
('PIPE-037', NULL, 'BLUE PIPE 2', 0, 403, 1, 'PIPES'),
('PIPE-038', NULL, 'ORANGE PIPE 1/2', -12, 70, 1, 'PIPES'),
('PIPE-039', NULL, 'ORANGE PIPE 3/4', 0, 92, 1, 'PIPES'),
('PIPE-040', NULL, 'ORANGE PIPE 1', 0, 130, 1, 'PIPES'),
('PIPE-041', NULL, 'ORANGE PIPE 1-1/4', 0, 156, 1, 'PIPES'),
('PIPE-042', NULL, 'ORANGE PIPE 1-1/2', 0, 204, 1, 'PIPES'),
('PIPE-043', '', 'N/A', 0, 264, 1, 'PIPES'),
('PIPE-044', NULL, 'RSC PIPE 1/2', 0, 280, 1, 'PIPES'),
('PIPE-045', NULL, 'RSC PIPE 3/4', 0, 320, 1, 'PIPES'),
('PIPE-046', NULL, 'RSC PIPE 1', 0, 380, 1, 'PIPES'),
('PIPE-047', NULL, 'RSC PIPE 2', 0, 680, 1, 'PIPES'),
('PLY-001', NULL, 'ORDINARY PLYWOOD 1/4', 348, 340, 1, 'PLYWOOD'),
('PLY-002', NULL, 'ORDINARY PLYWOOD 1/2', 151, 620, 1, 'PLYWOOD'),
('PLY-003', NULL, 'ORDINARY PLYWOOD 3/4', 140, 950, 1, 'PLYWOOD'),
('PLY-004', NULL, 'MARINE PLYWOOD 1/4', 444, 470, 1, 'PLYWOOD'),
('PLY-005', NULL, 'MARINE PLYWOOD 1/2', 123, 800, 1, 'PLYWOOD'),
('PLY-006', '', 'MARINE PLYWOOD 3/4', 129, 1350, 1, 'PLYWOOD'),
('PLY-007', NULL, 'PHENOLIC PLYWOOD 1/2', 152, 850, 1, 'PLYWOOD'),
('PLY-008', NULL, 'PHENOLIC PLYWOOD 3/4', 155, 1100, 1, 'PLYWOOD'),
('PRES-001', '', 'TURCO RUST CONVERTER (1 LITER)', 0, 350, 1, 'PRESERVATIVE'),
('PRES-002', '', 'TURCO RUST CONVERTER (1 GALLON)', 0, 800, 1, 'PRESERVATIVE'),
('PRES-003', NULL, 'WOODSAVER BROWN (1 GALLON)', 0, 440, 1, 'PRESERVATIVE'),
('PRES-004', NULL, 'WOODSAVER BROWN (1 LITER)', 0, 1050, 1, 'PRESERVATIVE'),
('PRES-005', '', 'WOODSAVER CLEAR (1 GALLON)', 0, 480, 1, 'PRESERVATIVE'),
('PRES-006', NULL, 'WOODSAVER CLEAR (1 LITER)', 0, 1080, 1, 'PRESERVATIVE');
INSERT INTO `inventory` (`item_id`, `spec_code`, `item_name`, `current_inventory`, `selling_price`, `buying_price`, `category`) VALUES
('PRES-007', NULL, 'NIPPON CLEAR GLOSS VARNISH (1 LITER)', 0, 400, 1, 'PRESERVATIVE'),
('PRES-008', NULL, 'NIPPON CLEAR GLOSS VARNISH (1 GALLON)', 0, 1300, 1, 'PRESERVATIVE'),
('PRES-009', NULL, 'VALSPAR CLEAR GLOSS VARNISH (1 LITER)', 0, 400, 1, 'PRESERVATIVE'),
('PRES-010', NULL, 'VALSPAR CLEAR GLOSS VARNISH (1 GALLON)', 0, 1300, 1, 'PRESERVATIVE'),
('PRES-011', NULL, 'MASTER BLACK COALTAR (1 LITER)', 0, 380, 1, 'PRESERVATIVE'),
('PRES-012', NULL, 'MASTER BLACK COALTAR (1 GALLON)', 0, 980, 1, 'PRESERVATIVE'),
('PRES-013', NULL, 'A1 LIQUID SOSA (BOTTLE)', 0, 85, 1, 'PRESERVATIVE'),
('PRES-014', NULL, 'STRIPSOLL (BOTTLE)', 0, 140, 1, 'PRESERVATIVE'),
('PRES-015', '', 'CENTRO BOILED LINSEED OIL (BOTTLE)', 0, 85, 1, 'PRESERVATIVE'),
('PRES-016', NULL, 'TERMITEX (SMALL)', 0, 850, 1, 'PRESERVATIVE'),
('PRES-017', NULL, 'TERMITEX (BIG)', 0, 1300, 1, 'PRESERVATIVE'),
('PRES-018', NULL, 'WIPEOUT 145G', 0, 65, 1, 'PRESERVATIVE'),
('PRES-019', NULL, 'SHELBY WOODWELD 145G', 0, 1, 1, 'PRESERVATIVE'),
('PRES-020', NULL, 'PUREE MURIATIC ACID (1 LITER)', 0, 60, 1, 'PRESERVATIVE'),
('PRES-021', NULL, 'PUREE MURIATIC ACID (1 GALLON)', 0, 140, 1, 'PRESERVATIVE'),
('PRES-022', NULL, 'PUREE CONCRETE NEUTRALIZER (1 LITER)', 0, 60, 1, 'PRESERVATIVE'),
('PRES-023', NULL, 'PUREE CONCRETE NEUTRALIZER (1 GALLON)', 0, 140, 1, 'PRESERVATIVE'),
('PULLEY-001', NULL, 'SINGLE PULLEY', 0, 650, 1, 'PULLEY'),
('PULLEY-002', NULL, 'DOUBLE PULLEY', 0, 950, 1, 'PULLEY'),
('PUTTY-001', NULL, 'FULATILE (1/4 LITER)', 0, 180, 1, 'PUTTY'),
('PUTTY-002', NULL, 'FULATILE (1 LITER)', 0, 485, 1, 'PUTTY'),
('PUTTY-003', NULL, 'EASYTITE (1 LITER)', 0, 220, 1, 'PUTTY'),
('PUTTY-004', '', 'EASYTITE (1 GALLON)', 0, 640, 1, 'PUTTY'),
('PUTTY-005', NULL, 'EASYTITE HARDENER (SMALL)', 0, 85, 1, 'PUTTY'),
('PUTTY-006', NULL, 'EASYTITE HARDENER (BIG)', 0, 220, 1, 'PUTTY'),
('RIVET-001', NULL, 'BLIND RIVETS 1/8X1/2', 0, 0.75, 1, 'RIVETS'),
('RIVET-002', NULL, 'BLIND RIVETS 1/8X3/4', 0, 0.85, 1, 'RIVETS'),
('RIVET-003', NULL, 'BLIND RIVETS 5/32X1/2', 0, 1.25, 1, 'RIVETS'),
('RIVET-004', NULL, 'BLIND RIVETS 5/32X3/4', 0, 1.5, 1, 'RIVETS'),
('RIVET-005', NULL, 'BLIND RIVETS 3/16X1/2', 0, 1.25, 1, 'RIVETS'),
('RIVET-006', NULL, 'BLIND RIVETS 3/16X3/4', 0, 1.75, 1, 'RIVETS'),
('RIVET-007', NULL, 'BLIND RIVETS 1/8X1/2 (1 BOX)', 0, 480, 1, 'RIVETS'),
('RIVET-008', NULL, 'BLIND RIVETS 1/8X3/4 (1 BOX)', 0, 480, 1, 'RIVETS'),
('RIVET-009', NULL, 'BLIND RIVETS 5/32X1/2 (1 BOX)', 0, 480, 1, 'RIVETS'),
('RIVET-010', NULL, 'BLIND RIVETS 5/32X3/4 (1 BOX)', 0, 480, 1, 'RIVETS'),
('RIVET-011', NULL, 'BLIND RIVETS 3/16X1/2 (1 BOX)', 0, 480, 1, 'RIVETS'),
('RIVET-012', NULL, 'BLIND RIVETS 3/16X3/4 (1 BOX)', 0, 580, 1, 'RIVETS'),
('ROPE-001', NULL, 'NYLON ROPE 9MM (1 KILO)', 0, 180, 1, 'ROPE'),
('ROPE-002', NULL, 'NYLON ROPE 10MM (1 KILO)', 0, 250, 1, 'ROPE'),
('ROPE-003', NULL, 'NYLON ROPE 12MM (1 KILO)', 0, 260, 1, 'ROPE'),
('ROPE-004', NULL, 'NYLON ROPE 16MM (1 KILO)', 0, 280, 1, 'ROPE'),
('ROPE-005', NULL, 'ABACCA ROPE 12MM (1 KILO)', 0, 260, 1, 'ROPE'),
('ROPE-006', NULL, 'ABACCA ROPE 16MM (1 KILO)', 0, 280, 1, 'ROPE'),
('SCREEN-001', '', 'HARDWARE CLOTH 1/8X3 (METER)', 0, 120, 1, 'SCREEN'),
('SCREEN-002', '', 'HARDWARE CLOTH 1/8X3 (1 ROLL)', 0, 980, 1, 'SCREEN'),
('SCREEN-003', '', 'AMAZON SCREEN 1/2X4 (METER)', 0, 145, 1, 'SCREEN'),
('SCREEN-004', '', 'AMAZON SCREEN 1/2X4 (1 ROLL)', 0, 1, 1, 'SCREEN'),
('SCREEN-005', '', 'AMAZON SCREEN 1X4 (1 METER)', 0, 145, 1, 'SCREEN'),
('SCREEN-006', NULL, 'AMAZON SCREEN 1X4 (1 ROLL)', 0, 1, 1, 'SCREEN'),
('SCREEN-007', '', 'ALUMINUM SCREEN 3X8 (1 METER)', 0, 160, 1, 'SCREEN'),
('SCREEN-008', NULL, 'ALUMINUM SCREEN 3X8 (1 ROLL)', 0, 1, 1, 'SCREEN'),
('SCREEN-009', '', 'ALUMINUM SCREEN 4X8 (1 METER)', 0, 180, 1, 'SCREEN'),
('SCREEN-010', NULL, 'ALUMINUM SCREEN (1 ROLL)', 0, 1, 1, 'SCREEN'),
('SCREEN-011', NULL, 'ALUMINUM SCREEN HI-RIB (1 METER)', 0, 1, 1, 'SCREEN'),
('SCREEN-012', NULL, 'ALUMINUM SCREEN HI-RIB (1 ROLL)', 0, 280, 1, 'SCREEN'),
('SCREW-001', NULL, 'CAPSCREW 1/4X1', 0, 1.5, 1, 'SCREW'),
('SCREW-002', NULL, 'CAPSCREW 1/4X2', 0, 3.5, 1, 'SCREW'),
('SCREW-003', NULL, 'CAPSCREW 3/8X2', 0, 8, 1, 'SCREW'),
('SCREW-004', NULL, 'CAPSCREW 3/8X1', 0, 6, 1, 'SCREW'),
('SCREW-005', NULL, 'LOGSCREW 1/4X2', 0, 16.5, 1, 'SCREW'),
('SCREW-006', NULL, 'LOGSCREW 1/4X3', 0, 18, 1, 'SCREW'),
('SCREW-007', NULL, 'LOGSCREW 1/4X4', 0, 19.5, 1, 'SCREW'),
('SCREW-008', NULL, 'LOGSCREW 3/8X2', 0, 17.5, 1, 'SCREW'),
('SCREW-009', NULL, 'LOGSCREW 3/8X3', 0, 23, 1, 'SCREW'),
('SCREW-010', NULL, 'LOGSCREW 3/8X4', 0, 25, 1, 'SCREW'),
('SCREW-011', NULL, 'LOGSCREW 1/2X2', 0, 18.5, 1, 'SCREW'),
('SCREW-012', NULL, 'LOGSCREW 1/2X4', 0, 33, 1, 'SCREW'),
('SCREW-013', NULL, 'METAL TEXSCREW 1', 0, 1.5, 1, 'SCREW'),
('SCREW-014', NULL, 'METAL TEXSCREW', 0, 2.5, 1, 'SCREW'),
('SCREW-015', NULL, 'METAL TEXSCREW 2', 0, 3, 1, 'SCREW'),
('SCREW-016', NULL, 'METAL TEXSCREW 2-1/2', 0, 3.5, 1, 'SCREW'),
('SCREW-017', NULL, 'WOOD TEXSCREW 1', -6, 1.5, 1, 'SCREW'),
('SCREW-018', NULL, 'WOOD TEXSCREW 1-1/2', 0, 2.5, 1, 'SCREW'),
('SCREW-019', NULL, 'WOOD TEXSCREW 2', 0, 3, 1, 'SCREW'),
('SCREW-020', NULL, 'WOOD TEXSCREW 2-1/2', 0, 3.5, 1, 'SCREW'),
('SCREW-021', NULL, 'GYPSUM METAL SCREW 1', 0, 1.5, 1, 'SCREW'),
('SCREW-022', NULL, 'GYPSUM METAL SCREW 1-1/2', 0, 2.5, 1, 'SCREW'),
('SCREW-023', NULL, 'GYPSUM METAL SCREW 2', 0, 3, 1, 'SCREW'),
('SCREW-024', NULL, 'GYPSUM WOOD SCREW 1', 0, 1.5, 1, 'SCREW'),
('SCREW-025', NULL, 'GYPSUM WOOD SCREW 1-1/2', -2, 2.5, 1, 'SCREW'),
('SCREW-026', NULL, 'GYPSUM WOOD SCREW 2', 0, 3, 1, 'SCREW'),
('SCREW-027', NULL, 'HARDI SCREW 3/4', 0, 1.5, 1, 'SCREW'),
('SCREW-028', NULL, 'ADAPTOR TEXSCREW', 0, 95, 1, 'SCREW'),
('SEALANT-001', '', 'BOSTIK VULCASEAL (1 PACK)', 0, 95, 1, 'SEALANT'),
('SEALANT-002', NULL, 'BOSTIK VULCASEAL (1/4 LITER)', 0, 195, 1, 'SEALANT'),
('SEALANT-003', NULL, 'BOSTIK VULCASEAL (1/2 LITER)', 0, 385, 1, 'SEALANT'),
('SEALANT-004', NULL, 'BOSTIK VULCASEAL (1 LITER)', 0, 540, 1, 'SEALANT'),
('SEALANT-005', NULL, 'STELAR SILICONE SEALANT (CLEAR)', 0, 150, 1, 'SEALANT'),
('SEALANT-006', NULL, 'BOSNY ACRYLIC SEALANT (BROWN)', 0, 160, 1, 'SEALANT'),
('SEALANT-007', NULL, 'BOSNY ACRYLIC SEALANT (BLACK)', 0, 160, 1, 'SEALANT'),
('SEALANT-008', '', 'PIONEER ELASTOSEAL (1 PACK)', 0, 100, 1, 'SEALANT'),
('SEALANT-009', NULL, 'PIONEER ELASTOSEAL (1/4 LITER)', 0, 185, 1, 'SEALANT'),
('SEALANT-010', NULL, 'PIONEER ELASTOSEAL (1/2 LITER)', 0, 385, 1, 'SEALANT'),
('SEALANT-011', NULL, 'PIONEER ELASTOSEAL (1 LITER)', 0, 540, 1, 'SEALANT'),
('SEALANT-012', NULL, 'WATER STOP (SMALL)', 0, 230, 1, 'SEALANT'),
('SEALANT-013', NULL, 'WATER STOP (BIG)', 0, 420, 1, 'SEALANT'),
('SEALANT-014', '', 'MORTASEAL GRAY (1 GALLON)', 0, 480, 1, 'SEALANT'),
('SEALANT-015', '', 'MORTASEAL WHITE (1 GALLON)', 0, 520, 1, 'SEALANT'),
('SEALANT-016', NULL, 'MORTASEAL (BAG)', 0, 1600, 1, 'SEALANT'),
('SEC-001', NULL, 'GI C PURLINS 2X3 (YELLOW)', 38, 385, 1, 'SECTION'),
('SEC-002', NULL, 'GI C PURLINS 2X4 (YELLOW)', 53, 425, 1, 'SECTION'),
('SEC-003', NULL, 'GI C PURLINS 2X6 (YELLOW)', 27, 550, 1, 'SECTION'),
('SEC-004', NULL, 'GI C PURLINS 2X8 (YELLOW)', 0, 700, 1, 'SECTION'),
('SEC-005', NULL, 'GI C PURLINS 2X10 (YELLOW)', 0, 850, 1, 'SECTION'),
('SEC-006', NULL, 'METAL FURRING', 674, 95, 1, 'SECTION'),
('SEC-007', NULL, 'CARRYING CHANNEL', 108, 95, 1, 'SECTION'),
('SEC-008', NULL, 'METAL STUD', 91, 125, 1, 'SECTION'),
('SEC-009', NULL, 'WALL ANGLE', -7, 85, 1, 'SECTION'),
('SHEET-001', NULL, 'HEAVY GAUGE #14 (1.5MM)', 0, 1400, 1, 'SHEETS'),
('SHEET-002', NULL, 'HEAVY GAUGE #16 (1.3MM)', 16, 1200, 1, 'SHEETS'),
('SHEET-003', NULL, 'HEAVY GAUGE #18 (1.1MM)', 0, 1100, 1, 'SHEETS'),
('SHEET-004', NULL, 'HEAVY GAUGE #20 (0.9MM)', -9, 950, 1, 'SHEETS'),
('SHEET-005', NULL, 'HEAVY GAUGE #22 (0.7MM)', 0, 750, 1, 'SHEETS'),
('SHEET-006', NULL, 'HEAVY GAUGE #24 (0.5MM)', 46, 600, 1, 'SHEETS'),
('SHEET-007', '', 'STEEL MATTING 4X8', 61, 500, 1, 'SHEETS/SCREEN'),
('SHEET-008', '', 'STEEL MATTING 6X20', 0, 1200, 1, 'SHEETS/SCREEN'),
('SHEET-009', NULL, 'SW PANEL#20 4X8', 0, 1850, 1, 'SHEETS'),
('SHEET-010', NULL, 'GI PLAIN #26', 50, 360, 1, 'SHEETS'),
('SHOWER-001', NULL, 'TAIWAN SHOWER HEAD CHROME', 0, 120, 33, 'SHOWER'),
('SPRAY-001', '', 'WD-40 (SMALL)', 0, 1, 1, 'SPRAY'),
('SPRAY-002', NULL, 'WD-40 (MEDIUM)', 0, 1, 1, 'SPRAY'),
('SPRAY-003', NULL, 'WD-40 (BIG)', -1, 195, 1, 'SPRAY'),
('STRING-001', NULL, 'TANSI GENUINE', 0, 35, 1, 'STRING'),
('STRING-002', NULL, 'NYLON STRING CHAMBER (ORANGE)', 0, 85, 1, 'STRING'),
('STRING-003', NULL, 'NYLON STRING CHAMBER (GREEN)', 0, 100, 1, 'STRING'),
('STRING-004', NULL, 'NYLON STRING CHAMBER (BLUE)', 0, 100, 1, 'STRING'),
('TAPE-001', NULL, 'MEASURING TAPE RYDER 3M', 0, 85, 1, 'TAPE'),
('TAPE-002', NULL, 'MEASURING TAPE RYDER 5M', 0, 120, 1, 'TAPE'),
('TAPE-003', NULL, 'MEASURING TAPE RYDER 7.5M', 0, 180, 1, 'TAPE'),
('TAPE-004', NULL, 'MEASURING TAPE RYDER 10M', 0, 280, 1, 'TAPE'),
('TAPE-005', NULL, 'ELECTRICAL TAPE (SMALL)', 0, 1, 1, 'TAPE'),
('TAPE-006', NULL, 'ELECTRICAL TAPE (MEDIUM)', 0, 1, 1, 'TAPE'),
('TAPE-007', NULL, 'ELECTRICAL TAPE (BIG)', -2, 40, 1, 'TAPE'),
('TAPE-008', '', 'TEFLON TAPE 1/2', -1, 12, 1, 'TAPE'),
('TAPE-009', '', 'TEFLON TAPE 3/4', 0, 18, 1, 'TAPE'),
('TAPE-010', NULL, 'MASKING TAPE 1/2', 0, 35, 1, 'TAPE'),
('TAPE-011', NULL, 'MASKING TAPE 3/4', -1, 40, 1, 'TAPE'),
('TAPE-012', NULL, 'MASKING TAPE 1', 0, 45, 1, 'TAPE'),
('TAPE-013', NULL, 'MASKING TAPE 2', -2, 70, 1, 'TAPE'),
('TAPE-014', NULL, 'PACKAGING TAPE 2', 0, 50, 1, 'TAPE'),
('TAPE-015', NULL, 'CAUTION TAPE 2', 0, 480, 1, 'TAPE'),
('TAPE-016', NULL, 'MESH TAPE (SMALL)', 0, 140, 1, 'TAPE'),
('TAPE-017', NULL, 'MESH TAPE (BIG)', 0, 280, 1, 'TAPE'),
('TAPE-018', '', 'DUCT TAPE SILVER 2', 0, 280, 1, 'TAPE'),
('TAPE-019', NULL, 'DUCT TAPE BLACK 2', 0, 300, 1, 'TAPE'),
('TAPE-20', NULL, 'NITTO RUBBER TAPE 3/4', 0, 180, 1, 'TAPE'),
('THINNER-001', '', 'PAINT THINNER TOWER (BOTTLE)', 0, 45, 1, 'THINNER'),
('THINNER-002', '', 'PAINT THINNER TOWER (1 GALLON)', 0, 280, 1, 'THINNER'),
('THINNER-003', '', 'PAINT THINNER PUREE (BOTTLE)', -2, 45, 1, 'THINNER'),
('THINNER-004', '', 'PAINT THINNER PUREE (1 GALLON)', -1, 280, 1, 'THINNER'),
('THINNER-005', NULL, 'LACQUER THINNER PUREE (BOTTLE)', 0, 40, 1, 'THINNER'),
('THINNER-006', '', 'LACQUER THINNER PUREE (1 GALLON)', 0, 250, 1, 'THINNER'),
('THINNER-007', NULL, 'ACRYLIC THINNER PUREE (BOTTLE)', 0, 55, 1, 'THINNER'),
('THINNER-008', '', 'ACRYLIC THINNER PUREE (1 GALLON)', -1, 320, 1, 'THINNER'),
('TOOL-001', NULL, 'STANLEY HAMMER', 0, 380, 1, 'TOOLS'),
('TOOL-002', NULL, 'RYDER HAMMER', 0, 280, 1, 'TOOLS'),
('TOOL-003', NULL, 'BUTTERFLY MALLET', 0, 180, 1, 'TOOLS'),
('TOOL-004', NULL, 'DISTON HANDSAW 18', 0, 180, 1, 'TOOLS'),
('TOOL-005', NULL, 'DISTON HANDSAW 20', 0, 280, 1, 'TOOLS'),
('TOOL-006', NULL, 'STANLEY HANDSAW 18', 0, 480, 1, 'TOOLS'),
('TOOL-007', NULL, 'STANLEY HANDSAW 20', 0, 580, 1, 'TOOLS'),
('TOOL-008', NULL, 'HACKSAW FRAME', 0, 320, 1, 'TOOLS'),
('TOOL-009', 'IO.SX', 'HACKSAW BLADE', 0, 60, 1, 'TOOLS'),
('TOOL-010', NULL, 'RYDER LEVEL BAR 18', 0, 380, 1, 'TOOLS'),
('TOOL-011', NULL, 'EMPIRE LEVEL BAR 18', 0, 350, 1, 'TOOLS'),
('TOOL-012', NULL, 'EMPIRE LEVEL BAR 24', 0, 480, 1, 'TOOLS'),
('TOOL-013', NULL, 'STANLEY LEVEL BAR 18', 0, 480, 1, 'TOOLS'),
('TOOL-014', NULL, 'STANLEY LEVEL BAR 36', 0, 580, 1, 'TOOLS'),
('TOOL-015', NULL, 'BUTTERFLY LEVEL BAR 24', 0, 480, 1, 'TOOLS'),
('TOOL-016', NULL, 'HI-TECH PUTTY KNIFE 1', 0, 16, 1, 'TOOLS'),
('TOOL-017', NULL, 'HI-TECH PUTTY KNIFE 2', 0, 28, 1, 'TOOLS'),
('TOOL-018', NULL, 'PALETA (PAIR)', 0, 25, 1, 'TOOLS'),
('TOOL-019', NULL, 'ELTORO TROWEL CEMENT 6', 0, 55, 1, 'TOOLS'),
('TOOL-020', NULL, 'ELTORO TROWEL CEMENT 7', 0, 75, 1, 'TOOLS'),
('TOOL-021', NULL, 'ELTORO TROWEL CEMENT 9', 0, 85, 1, 'TOOLS'),
('TOOL-022', NULL, 'RYDER PLASTERING TROWEL (PLAIN)', 0, 120, 1, 'TOOLS'),
('TOOL-023', NULL, 'RYDER PLASTERING TROWEL (DESIGN)', 0, 180, 1, 'TOOLS'),
('TOOL-024', NULL, 'HI-TECH WOOD CHISEL 5/16', 0, 45, 1, 'TOOLS'),
('TOOL-025', NULL, 'HI-TECH WOOD CHISEL 1-1/4', 0, 95, 1, 'TOOLS'),
('TOOL-026', NULL, 'HI-TECH WOOD CHISEL 1', 0, 85, 1, 'TOOLS'),
('TOOL-027', NULL, 'NICHOLSON FILE 4', 0, 240, 1, 'TOOLS'),
('TOOL-028', NULL, 'RYDER CLAWBAR 24', 0, 240, 1, 'TOOLS'),
('TOOL-029', NULL, 'RYDER CLAWBAR 36', 0, 380, 1, 'TOOLS'),
('TOOL-030', NULL, 'RYDER RAKE', 0, 480, 1, 'TOOLS'),
('TOOL-031', NULL, 'RYDER STRAIGHT BAR', 0, 680, 1, 'TOOLS'),
('TOOL-032', NULL, 'RYDER LOCOY', 0, 680, 1, 'TOOLS'),
('TOOL-033', NULL, 'RYDER AXE', 0, 280, 1, 'TOOLS'),
('TOOL-034', NULL, 'SLEDGE HAMMER 4', 0, 280, 1, 'TOOLS'),
('TOOL-035', NULL, 'SLEDGE HAMMER 6', 0, 480, 1, 'TOOLS'),
('TOOL-036', NULL, 'SLEDGE HAMMER 8', 0, 680, 1, 'TOOLS'),
('TOOL-037', NULL, 'SLEDGE HAMMER 10', 0, 1800, 1, 'TOOLS'),
('TOOL-038', NULL, 'RYDER PIKMATOK', 0, 680, 1, 'TOOLS'),
('TOOL-039', NULL, 'RYDER TINSNIP 8', 0, 270, 1, 'TOOLS'),
('TOOL-040', NULL, 'RYDER TINSNIP 10', 0, 330, 1, 'TOOLS'),
('TOOL-041', NULL, 'RYDER TINSNIP 12', 0, 380, 1, 'TOOLS'),
('TOOL-042', NULL, 'RYDER TINSNIP 3/16', 0, 680, 1, 'TOOLS'),
('TOOL-043', NULL, 'TURN BUCKLE 8', 0, 75, 1, 'TOOLS'),
('TOOL-044', NULL, 'TURN BUCKLE 9', 0, 95, 1, 'TOOLS'),
('TOOL-045', NULL, 'TURN BUCKLE 10', 0, 120, 1, 'TOOLS'),
('TOOL-046', NULL, 'TURN BUCKLE 12 (5/8)', 0, 180, 1, 'TOOLS'),
('TOOL-047', NULL, 'TURN BUCKLE 16 (3/4)', 0, 260, 1, 'TOOLS'),
('TOOL-048', NULL, 'RYDER TRI SQUARE 12', 0, 85, 1, 'TOOLS'),
('TOOL-049', NULL, 'RYDER TRI SQUARE 24', 0, 640, 1, 'TOOLS'),
('TOOL-050', NULL, 'RYDER RANGE 8', 0, 280, 1, 'TOOLS'),
('TOOL-051', NULL, 'RYDER RANGE 10', 0, 380, 1, 'TOOLS'),
('TOOL-052', NULL, 'RYDER RANGE 12', 0, 480, 1, 'TOOLS'),
('TOOL-053', NULL, 'ERWIN VISE GRIP 10', 0, 580, 1, 'TOOLS'),
('TOOL-054', NULL, 'FLEX DRAIN CLEANER 1/4X25 FEET', 0, 475, 1, 'TOOLS'),
('TOOL-055', NULL, 'FLEX DRAIN CLEANER BIGX50 FEET', 0, 950, 1, 'TOOLS'),
('TOOL-056', NULL, 'PILLOW BLOCK 1/2', 0, 180, 1, 'TOOLS'),
('TOOL-057', NULL, 'PILLOW BLOCK 3/4', 0, 280, 1, 'TOOLS'),
('TOOL-058', NULL, 'ROSCO PHILIP SCREW 1/4X6', 0, 125, 1, 'TOOLS'),
('TOOL-059', NULL, 'ROSCO FLAT SCREW 1/4X6', 0, 120, 1, 'TOOLS'),
('TOOL-060', NULL, 'ROSCO FLAT SCREW 3/16X6', 0, 125, 1, 'TOOLS'),
('TOOL-061', NULL, 'ROSCO PHILI SCREW 1/4X8', 0, 95, 1, 'TOOLS'),
('TOOL-062', NULL, 'ROSCO PHILIP SCREW 3/16X6', 0, 120, 1, 'TOOLS'),
('TOX-001', NULL, 'STEEL TOX 1/4 (SHORT)', 0, 13.5, 1, 'TOX'),
('TOX-002', NULL, 'STEEL TOX 1/4 (LONG)', 0, 16.5, 1, 'TOX'),
('TOX-003', NULL, 'STEEL TOX 3/8 (SHORT)', 0, 23, 1, 'TOX'),
('TOX-004', NULL, 'STEEL TOX 3/8 (LONG)', 0, 25, 1, 'TOX'),
('TOX-005', NULL, 'STEEL TOX 1/2 (SHORT)', 0, 1, 1, 'TOX'),
('TOX-006', NULL, 'STEEL TOX 1/2 (LONG)', 0, 32, 1, 'TOX'),
('TOX-007', NULL, 'PLASTIC TOX 5', 0, 0.5, 1, 'TOX'),
('TOX-008', NULL, 'PLASTIC TOX 6', 0, 0.75, 1, 'TOX'),
('TOX-009', NULL, 'PLASTIC TOX 8', 0, 1.25, 1, 'TOX'),
('TOX-010', NULL, 'PLASTIC TOX 10', 0, 1.5, 1, 'TOX'),
('TUBE-001', '', 'GI SQUARE TUBE 1X1', 6, 350, 1, 'TUBES'),
('TUBE-002', NULL, 'GI SQUARE TUBE 1X2', 1, 500, 1, 'TUBES'),
('TUBE-003', NULL, 'GI SQUARE TUBE 1-1/2X1-1/2', 1, 620, 1, 'TUBES'),
('TUBE-004', NULL, 'GI SQUARE TUBE 2X2', 0, 650, 1, 'TUBES'),
('TUBE-005', '', 'GI SQUARE TUBE 2X3', 87, 750, 1, 'TUBES'),
('TUBE-006', NULL, 'GI SQUARE TUBE 2X4', 0, 850, 1, 'TUBES'),
('VALVE-001', NULL, 'BALL VALVE 1-1/4', 0, 480, 1, 'VALVE'),
('VALVE-002', NULL, 'VALIANT BALL VALVE 3/4', 0, 320, 1, 'VALVE'),
('VALVE-003', NULL, 'KITZ BALL VALVE 3/4', 0, 680, 460, 'VALVE'),
('VALVE-004', NULL, 'VALIANT BALL VALVE 1/2', 0, 280, 59, 'VALVE'),
('VALVE-005', NULL, 'COBRA PPR SHOWER VALVE 1/2', 0, 600, 258, 'VALVE'),
('VALVE-006', NULL, 'MICO SHOWER VALVE 1/2', 0, 1100, 700, 'VALVE'),
('VALVE-007', NULL, 'FALCON GATE VALVE 1/2', 0, 380, 184, 'VALVE'),
('VALVE-008', NULL, 'FALCON GATE VALVE 3/4', 0, 480, 263, 'VALVE'),
('VALVE-009', NULL, 'FALCON GATE VALVE 1', 0, 520, 338, 'VALVE'),
('VALVE-010', NULL, 'FALCON GATE VALVE 2', 0, 1600, 984, 'VALVE'),
('VALVE-011', NULL, 'KITZ GATE VALVE 1/2', 0, 500, 1, 'VALVE'),
('VALVE-012', NULL, 'KITZ GATE VALVE 3/4', 0, 520, 1, 'VALVE'),
('VALVE-013', NULL, 'FALCON CHECK VALVE 1/2', 0, 240, 187, 'VALVE'),
('VALVE-014', NULL, 'FALCON CHECK VALVE 1', 0, 480, 271, 'VALVE'),
('WELDING-001', NULL, 'ORDINARY WELDING ROD (1/2 KILO)', -1, 50, 1, 'WELDING'),
('WELDING-002', NULL, 'ORDINARY WELDING ROD (1 KILO)', -11, 100, 1, 'WELDING'),
('WELDING-003', '', 'ORDINARY WELDING ROD (BOX/5 KILOS)', 0, 500, 1, 'WELDING'),
('WELDING-004', NULL, 'ORDINARY WELDING ROD (BOX/20 KILOS', 0, 2000, 1, 'WELDING'),
('WELDING-005', NULL, 'SPECIAL WELDING ROD (1/2 KILO)', 0, 80, 1, 'WELDING'),
('WELDING-006', NULL, 'SPECIAL WELDING ROD (1 KILO)', 0, 160, 1, 'WELDING'),
('WELDING-007', NULL, 'SPECIAL WELDING ROD (BOX/5 KILOS)', 0, 800, 1, 'WELDING'),
('WELDING-008', NULL, 'SPECIAL WELDING ROD (BOX/20 KILOS)', 0, 3200, 1, 'WELDING'),
('WHEEL-001', NULL, 'SKK CASTER WHEEL 1-1/2', 0, 65, 1, 'WHEEL'),
('WHEEL-002', NULL, 'BALL CASTER WHEEL W/O BRAKE', 0, 150, 1, 'WHEEL'),
('WHEEL-003', NULL, 'BALL CASTER WHEEL W/ BRAKE', 0, 160, 1, 'WHEEL'),
('WHEEL-004', NULL, 'VIKING STEEL WHEEL', 0, 1300, 1, 'WHEEL'),
('WIRE-001', '', 'GI WIRE #16 (KILO)', 241, 70, 1, 'WIRES'),
('WIRE-002', '', 'GI WIRE #16 (1 ROLL)', 133, 1600, 1, 'WIRES'),
('WIRE-003', NULL, 'PDX WIRE #10 (METER)', 0, 65, 1, 'WIRES'),
('WIRE-004', NULL, 'PDX WIRE #10 (BOX)', 0, 4245, 1, 'WIRES'),
('WIRE-005', NULL, 'PDX WIRE #12 (METER)', 0, 48, 1, 'WIRES'),
('WIRE-006', NULL, 'PDX WIRE #12 (BOX)', 0, 3180, 1, 'WIRES'),
('WIRE-007', NULL, 'PDX WIRE #14 (METER)', 0, 33, 1, 'WIRES'),
('WIRE-008', NULL, 'PDX WIRE #14 (BOX)', 0, 2310, 1, 'WIRES'),
('WIRE-009', NULL, 'THHN WIRE #2 (METER)', 0, 230, 1, 'WIRES'),
('WIRE-010', NULL, 'THHN WIRE #2 (BOX)', 0, 1, 1, 'WIRES'),
('WIRE-011', NULL, 'THHN WIRE #4 (METER)', 0, 160, 1, 'WIRES'),
('WIRE-012', NULL, 'THHN WIRE #4 (BOX)', 0, 1, 1, 'WIRES'),
('WIRE-013', NULL, 'THHN WIRE #6 (METER)', 0, 86, 1, 'WIRES'),
('WIRE-014', NULL, 'THHN WIRE #16 (BOX)', 0, 1, 1, 'WIRES'),
('WIRE-015', NULL, 'THHN WIRE #8 (METER)', 0, 50, 1, 'WIRES'),
('WIRE-016', NULL, 'THHN WIRE #8 (BOX)', 0, 6180, 1, 'WIRES'),
('WIRE-017', NULL, 'THHN WIRE #10 (METER)', 0, 38, 1, 'WIRES'),
('WIRE-018', NULL, 'THHN WIRE #10 (BOX)', 0, 4250, 1, 'WIRES'),
('WIRE-019', NULL, 'THHN WIRE #12 (METER)', 0, 25, 1, 'WIRES'),
('WIRE-020', NULL, 'THHN WIRE #12 (BOX)', 0, 2780, 1, 'WIRES'),
('WIRE-021', NULL, 'THHN WIRE #14 (METER)', 0, 18, 1, 'WIRES'),
('WIRE-022', NULL, 'THHN WIRE #14 (BOX)', -1, 1900, 1, 'WIRES'),
('WIRE-023', NULL, 'FLATCORD #14 (METER)', 0, 40, 1, 'WIRES'),
('WIRE-024', NULL, 'FLATCORD #14 (BOX)', 0, 5120, 1, 'WIRES'),
('WIRE-025', NULL, 'FLATCORD #16 (METER)', 0, 22, 1, 'WIRES'),
('WIRE-026', NULL, 'FLATCORD #16 (BOX)', 0, 2800, 1, 'WIRES'),
('WIRE-027', NULL, 'FLATCORD #18 (METER)', 0, 14, 1, 'WIRES'),
('WIRE-028', NULL, 'FLATCORD #18 (BOX)', 0, 1750, 1, 'WIRES'),
('WIRE-029', NULL, 'FLATCORD #22 (METER)', 0, 8, 1, 'WIRES'),
('WIRE-030', NULL, 'FLATCORD #22 (BOX)', 0, 980, 1, 'WIRES'),
('WIRE-031', NULL, 'TW WIRE #2 (METER)', 0, 1, 1, 'WIRES'),
('WIRE-032', NULL, 'TW WIRE # 2 (BOX)', 0, 1, 1, 'WIRES'),
('WIRE-033', NULL, 'TW WIRE #4 (METER)', 0, 1, 1, 'WIRES'),
('WIRE-034', NULL, 'TW WIRE #4 (BOX)', 0, 1, 1, 'WIRES'),
('WIRE-035', NULL, 'TW WIRE #6 (METER)', 0, 80, 1, 'WIRES'),
('WIRE-036', NULL, 'TW WIRE #6 (BOX)', 0, 11000, 1, 'WIRES'),
('WIRE-037', NULL, 'TW WIRE #8 (METER)', 0, 51, 1, 'WIRES'),
('WIRE-038', NULL, 'TW WIRE #8 (BOX)', 0, 6400, 1, 'WIRES'),
('WIRE-039', NULL, 'TW WIRE #10 (METER)', 0, 33, 1, 'WIRES'),
('WIRE-040', NULL, 'TW WIRE #10 (BOX)', 0, 4100, 1, 'WIRES'),
('WIRE-041', NULL, 'TW WIRE #12 (METER)', 0, 21, 1, 'WIRES'),
('WIRE-042', NULL, 'TW WIRE #12 (BOX)', 0, 2480, 1, 'WIRES'),
('WIRE-043', NULL, 'TW WIRE #14 (METER)', 0, 14, 1, 'WIRES'),
('WIRE-044', NULL, 'TW WIRE #14 (BOX)', 0, 1680, 1, 'WIRES'),
('WIRE-045', NULL, 'WELDED WIRE 1X3 (METER)', 0, 120, 1, 'WIRES'),
('WIRE-046', '', 'WELDED WIRE 1X3 (1 ROLL)', 0, 1600, 1, 'WIRES'),
('WIRE-047', NULL, 'WELDED WIRE 1X4 (METER)', 0, 120, 1, 'WIRES'),
('WIRE-048', '', 'WELDED WIRE 1X4 (1 ROLL)', 0, 2000, 1, 'WIRES'),
('WIRE-049', NULL, 'WELDING CABLE (FOOT)', 0, 50, 1, 'WIRES'),
('WIRE-050', '', 'WELDING CABLE (1 ROLL)', 0, 1, 1, 'WIRES'),
('WIRE-051', NULL, 'MOLDFLEX 1/2X100 (METER)', 0, 7.5, 1, 'WIRES'),
('WIRE-052', '', 'MOLDFLEX 1/2X100 (1 ROLL)', 0, 680, 1, 'WIRES'),
('WIRE-053', NULL, 'MOLDFLEX 3/4X100 (METER)', 0, 12, 1, 'WIRES'),
('WIRE-054', '', 'MOLDFLEX 3/4X100 (1 ROLL)', 0, 950, 1, 'WIRES'),
('WIRE-055', NULL, 'MOLDFLEX 1X50 (METER)', 0, 16, 1, 'WIRES'),
('WIRE-056', '', 'MOLDFLEX 1X50 (1 ROLL)', -1, 900, 1, 'WIRES'),
('WIRE-057', '', 'CYCLONE WIRE 4X4 3 (1 ROLL)', 0, 350, 1, 'WIRES'),
('WIRE-058', '', 'CYCLONE WIRE 4X4 4 (1 ROLL)', -4, 450, 1, 'WIRES'),
('WIRE-059', '', 'CYCLONE WIRE 4X4 5 (1 ROLL)', 0, 550, 1, 'WIRES'),
('WIRE-060', '', 'CYCLONE WIRE 4X4 6 (1 ROLL)', 0, 650, 1, 'WIRES'),
('WIRE-061', '', 'CYCLONE WIRE 2X2 4 (1 ROLL)', 0, 900, 1, 'WIRES'),
('WIRE-062', '', 'CYCLONE WIRE 2X2 5 (1 ROLL)', 0, 1100, 1, 'WIRES'),
('WIRE-063', '', 'CYCLONE WIRE 2X2 6 (1 ROLL)', 0, 1300, 1, 'WIRES'),
('WIRE-064', '', 'COMBAT WIRE (1 ROLL)', 0, 1300, 1, 'WIRES'),
('WIRE-065', NULL, 'BARBED WIRE (METER)', 0, 1, 1, 'WIRES'),
('WIRE-066', '', 'BARBED WIRE (1 ROLL)', 0, 1, 1, 'WIRES'),
('WIRE-067', NULL, 'CHICKEN WIRE (METER)', 0, 125, 1, 'WIRES'),
('WIRE-068', '', 'CHICKEN WIRE (1 ROLL)', 0, 1, 1, 'WIRES'),
('WRENCH-001', NULL, 'BOX WRENCH COMBINATION 11/10', 0, 60, 8, 'WRENCH'),
('WRENCH-002', NULL, 'BOX WRENCH 15/14', 0, 70, 33, 'WRENCH'),
('WRENCH-003', NULL, 'BOX WRENCH COMBINATION 13/12', 0, 65, 30, 'WRENCH'),
('WRENCH-004', NULL, 'BOX WRENCH COMBINATION 19/18', 0, 80, 39, 'WRENCH'),
('WRENCH-005', NULL, 'BOX WRENCH COMBINATION 17/14', 0, 75, 34, 'WRENCH'),
('WRENCH-006', NULL, 'HEX WRENCH PIPE 8', 0, 280, 1, 'WRENCH'),
('WRENCH-007', NULL, 'HEX WRENCH PIPE 10', 0, 380, 1, 'WRENCH'),
('WRENCH-008', NULL, 'RYDER ADJUSTABLE WRENCH PIPE 8', 0, 180, 1, 'WRENCH'),
('WRENCH-009', NULL, 'RYDER ADJUSTABLE WRENCH PIPE 10', 0, 280, 1, 'WRENCH'),
('WRENCH-010', NULL, 'RYDER ADJUSTABLE WRENCH PIPE 12', 0, 380, 1, 'WRENCH'),
('WRENCH-011', NULL, 'WRENCH HEAVY DUTY', 0, 2600, 1, 'WRENCH'),
('WRENCH-012', NULL, 'OPEN CLOSS WRENCH 10', 0, 40, 18, 'WRENCH'),
('WRENCH-013', NULL, 'OPEN CLOSS WRENCH 12', 0, 45, 19, 'WRENCH'),
('WRENCH-014', NULL, 'OPEN CLOSS WRENCH 14', 0, 50, 24, 'WRENCH'),
('WRENCH-015', 'OE.SX', 'OPEN CLOSS WRENCH 15', 0, 55, 20, 'WRENCH'),
('WRENCH-016', NULL, 'OPEN CLOSS WRENCH 17', 0, 60, 24, 'WRENCH'),
('WRENCH-017', NULL, 'OPEN CLOSS WRENCH 19', 0, 65, 34, 'WRENCH');

-- --------------------------------------------------------

--
-- Table structure for table `suppliers`
--

DROP TABLE IF EXISTS `suppliers`;
CREATE TABLE IF NOT EXISTS `suppliers` (
  `idsuppliers` int(11) NOT NULL AUTO_INCREMENT,
  `name` varchar(45) COLLATE latin1_bin NOT NULL,
  `contact_number` varchar(45) COLLATE latin1_bin NOT NULL,
  PRIMARY KEY (`idsuppliers`)
) ENGINE=InnoDB AUTO_INCREMENT=5 DEFAULT CHARSET=latin1 COLLATE=latin1_bin;

--
-- Dumping data for table `suppliers`
--

INSERT INTO `suppliers` (`idsuppliers`, `name`, `contact_number`) VALUES
(1, 'GLT HARDWARE 1', '09178289921'),
(2, 'GLT HARDWARE 2', '09989951917'),
(3, 'HUNTER MARKETING (LIZA DAVID)', '09253031170'),
(4, 'OASIS/SUNRISE (GIWAY)', '09175539575');

-- --------------------------------------------------------

--
-- Table structure for table `transactions`
--

DROP TABLE IF EXISTS `transactions`;
CREATE TABLE IF NOT EXISTS `transactions` (
  `special_id` int(11) NOT NULL AUTO_INCREMENT,
  `transaction_id` varchar(45) COLLATE latin1_bin NOT NULL,
  `total_price` double NOT NULL,
  `notes` varchar(450) COLLATE latin1_bin NOT NULL,
  `transaction_date` varchar(45) COLLATE latin1_bin NOT NULL,
  PRIMARY KEY (`special_id`)
) ENGINE=InnoDB AUTO_INCREMENT=254 DEFAULT CHARSET=latin1 COLLATE=latin1_bin;

--
-- Dumping data for table `transactions`
--

INSERT INTO `transactions` (`special_id`, `transaction_id`, `total_price`, `notes`, `transaction_date`) VALUES
(1, '787195', 510, '', '2020-07-07'),
(2, '787586', 4250, '', '2020-07-07'),
(3, '787431', 1020, '', '2020-07-07'),
(4, '787660', 1900, '', '2020-07-07'),
(5, '787657', 255, '', '2020-07-07'),
(6, 'DR', 9840, '', '2020-07-07'),
(7, '787655', 255, '', '2020-07-07'),
(8, '787604', 1650, '', '2020-07-07'),
(9, '787589', 0, '', '2020-07-07'),
(10, '787587', 1700, '', '2020-07-07'),
(11, '787432', 2040, '', '2020-07-07'),
(12, '787661', 875, '', '2020-07-07'),
(13, '787592', 1275, '', '2020-07-07'),
(14, '787663', 340, '', '2020-07-07'),
(15, '787436', 8500, '', '2020-07-07'),
(16, '787667', 765, '', '2020-07-07'),
(17, '787593', 255, '', '2020-07-07'),
(18, '787665', 231, '', '2020-07-07'),
(19, '787437', 2850, '', '2020-07-07'),
(20, '787438', 3825, '', '2020-07-07'),
(21, '787668', 8800, '', '2020-07-07'),
(22, '787439', 9300, '', '2020-07-07'),
(23, '787584', 11000, '', '2020-07-07'),
(24, '787594', 15840, '', '2020-07-07'),
(25, '787635', 1530, '', '2020-07-08'),
(26, '787635', 900, '', '2020-07-08'),
(27, '787692', 14520, '', '2020-07-08'),
(28, '787638', 4400, '', '2020-07-08'),
(29, '787708', 1600, '', '2020-07-08'),
(30, '787446', 2784, '', '2020-07-08'),
(31, '787775', 255, '', '2020-07-08'),
(32, '787143', 2550, '', '2020-07-09'),
(33, '787648', 850, '', '2020-07-09'),
(34, 'N/A', 45, '', '2020-07-09'),
(35, '787806', 8290, '', '2020-07-09'),
(36, '787646', 550, '', '2020-07-09'),
(37, '787782', 680, '', '2020-07-09'),
(38, '787142', 3475, '', '2020-07-09'),
(39, '787145', 255, '', '2020-07-09'),
(40, '787807', 350, '', '2020-07-09'),
(41, '787649', 350, '', '2020-07-09'),
(42, '787781', 950, '', '2020-07-09'),
(43, '787645', 4170, '', '2020-07-09'),
(44, '787776', 1275, '', '2020-07-09'),
(45, '787447', 2550, '', '2020-07-09'),
(46, '787448', 3825, '', '2020-07-09'),
(47, '787803', 150, '', '2020-07-09'),
(48, '787640', 75, '', '2020-07-09'),
(49, '787777', 940, '', '2020-07-09'),
(50, '787449', 765, '', '2020-07-09'),
(51, '787804', 1205, '', '2020-07-09'),
(52, '787778', 56, '', '2020-07-09'),
(53, '787805', 4000, '', '2020-07-09'),
(54, '787780', 140, '', '2020-07-09'),
(55, '787642', 1548, '', '2020-07-09'),
(56, '787643', 560, '', '2020-07-09'),
(57, '787450', 1020, '', '2020-07-09'),
(58, 'N/A', 116, '', '2020-07-09'),
(59, '787785', 11569, '', '2020-07-09'),
(60, '787802', 15590, '', '2020-07-09'),
(61, 'N/A', 500, '', '2020-07-09'),
(62, '787694', 385, '', '2020-07-09'),
(63, '787786', 370, '', '2020-07-09'),
(64, 'N/A', 2325, '', '2020-07-09'),
(65, '787789', 7500, '', '2020-07-09'),
(66, '787792', 10600, '', '2020-07-09'),
(67, '787148', 430, '', '2020-07-09'),
(68, 'N/A', 50, '', '2020-07-09'),
(69, '787790', 2720, '', '2020-07-09'),
(70, '787788', 150, '', '2020-07-09'),
(71, 'N/A', 120, '', '2020-07-09'),
(72, '787147', 5565, '', '2020-07-09'),
(73, '787695', 138, '', '2020-07-09'),
(74, '787795', 250, '', '2020-07-09'),
(75, '787796', 4924, '', '2020-07-09'),
(76, '787799', 1100, '', '2020-07-09'),
(77, 'N/A', 850, 'REPLACE 1 3/4 PHENOLIC, REFUND 250', '2020-07-09'),
(78, '787798', 1150, '', '2020-07-09'),
(79, '787150', 470, '', '2020-07-09'),
(80, 'N/A', 14, '', '2020-07-09'),
(81, '787797', 1410, '', '2020-07-09'),
(82, '787794', 250, '', '2020-07-09'),
(83, '787903', 1600, '', '2020-07-09'),
(84, 'N/A', 75, '', '2020-07-09'),
(85, '787957', 3068, '', '2020-07-09'),
(86, 'N/A', 50, '', '2020-07-09'),
(87, '787858', 45, '', '2020-07-09'),
(88, '787902', 750, '', '2020-07-09'),
(89, 'N/A', 40, '', '2020-07-09'),
(90, '787857', 1000, '', '2020-07-09'),
(91, '787149', 13870, '', '2020-07-09'),
(92, '787955', 385, '', '2020-07-09'),
(93, '787954', 270, '', '2020-07-09'),
(94, '787901', 500, '', '2020-07-09'),
(95, '787953', 2610, '', '2020-07-09'),
(96, '787856', 1900, '', '2020-07-09'),
(97, '787855', 3750, '', '2020-07-09'),
(98, '787854', 700, '', '2020-07-09'),
(99, '787951', 600, '', '2020-07-09'),
(100, '787700', 600, '', '2020-07-09'),
(101, '787809', 5570, '', '2020-07-09'),
(102, '787808', 1600, '', '2020-07-09'),
(103, '787699', 360, '', '2020-07-09'),
(104, '787852', 120, '', '2020-07-09'),
(105, '787698', 70, '', '2020-07-09'),
(106, '787860', 250, '', '2020-07-09'),
(107, '787859', 578, '', '2020-07-09'),
(108, '787958', 960, '', '2020-07-09'),
(109, '787861', 2000, '', '2020-07-09'),
(110, '787825', 1220, '', '2020-07-10'),
(111, '787912', 195, '', '2020-07-10'),
(112, '787883', 490, '', '2020-07-10'),
(113, '787882', 140, '', '2020-07-10'),
(114, '787824', 560, '', '2020-07-10'),
(115, '787039', 12038, '', '2020-07-10'),
(116, '787040', 2840, '', '2020-07-10'),
(117, '787881', 1885, '', '2020-07-10'),
(118, '787880', 515, '', '2020-07-10'),
(119, '787822', 1230, '', '2020-07-10'),
(120, '787821', 250, '', '2020-07-10'),
(121, '787879', 24, '', '2020-07-10'),
(122, '787877', 1200, '', '2020-07-10'),
(123, '787911', 1901, '', '2020-07-10'),
(124, 'N/A', 250, '', '2020-07-10'),
(125, '787820', 500, '', '2020-07-10'),
(126, 'DR', 250, '', '2020-07-10'),
(127, '787714', 4220, '', '2020-07-10'),
(128, 'N/A', 490, '', '2020-07-10'),
(129, '787876', 24, '', '2020-07-10'),
(130, '787910', 2370, '', '2020-07-10'),
(131, '787713', 1300, '', '2020-07-10'),
(132, '787875', 45, '', '2020-07-10'),
(133, '787873', 490, '', '2020-07-10'),
(134, '787906', 6615, '', '2020-07-10'),
(135, '787872', 6400, '', '2020-07-10'),
(136, '787909', 7245, '', '2020-07-10'),
(137, '787871', 38, '', '2020-07-10'),
(138, '787819', 1440, '', '2020-07-10'),
(139, '787869', 1130, '', '2020-07-10'),
(140, '787868', 410, '', '2020-07-10'),
(141, '787818', 980, '', '2020-07-10'),
(142, '787867', 1600, '', '2020-07-10'),
(143, '787907', 348, '', '2020-07-10'),
(144, '787865', 4050, '', '2020-07-10'),
(145, '787816', 1740, '', '2020-07-10'),
(146, '787864', 3660, '', '2020-07-10'),
(147, '787815', 1350, '', '2020-07-10'),
(148, '787815', 2770, '', '2020-07-10'),
(149, '787905', 445, '', '2020-07-10'),
(150, '787814', 87, '', '2020-07-10'),
(151, '787862', 3100, '', '2020-07-10'),
(152, '787813', 150, '', '2020-07-10'),
(153, '787886', 4900, '', '2020-07-10'),
(154, 'DR', 45, '', '2020-07-10'),
(155, '787885', 735, '', '2020-07-10'),
(156, '787829', 370, '', '2020-07-10'),
(157, '787042', 5295, '', '2020-07-10'),
(158, '787884', 3285, '', '2020-07-10'),
(159, '787887', 1470, '', '2020-07-10'),
(160, 'N/A', 40, '', '2020-07-10'),
(161, 'DR', 50, '', '2020-07-10'),
(162, '787888', 140, '', '2020-07-10'),
(163, '787043', 70, '', '2020-07-10'),
(164, '787044', 980, '', '2020-07-10'),
(165, '787914', 180, '', '2020-07-10'),
(166, 'N/A', 75, '', '2020-07-10'),
(167, 'N/A', 70, '', '2020-07-10'),
(168, '787832', 22250, 'GIVEAWAY 1X MEASURING TAPE 3M', '2020-07-10'),
(169, '787892', 3150, '', '2020-07-10'),
(170, '787047', 1225, '', '2020-07-10'),
(171, '787890', 1200, '', '2020-07-10'),
(172, '787889', 1510, '', '2020-07-10'),
(173, '787916', 980, '', '2020-07-10'),
(174, '787831', 960, '', '2020-07-10'),
(175, 'N/A', 14, '', '2020-07-10'),
(176, '787046', 285, '', '2020-07-10'),
(177, '787915', 7680, '', '2020-07-10'),
(178, '787045', 205, '', '2020-07-10'),
(179, '787918', 4900, '', '2020-07-10'),
(180, '787048', 300, '', '2020-07-10'),
(181, '787048', 360, '', '2020-07-10'),
(182, '787917', 1224, '', '2020-07-10'),
(183, '787049', 1800, '', '2020-07-10'),
(184, '787894', 140, '', '2020-07-10'),
(185, '787895', 980, '', '2020-07-10'),
(186, '787938', 735, '', '2020-07-11'),
(187, '788019', 3200, '', '2020-07-11'),
(188, 'N/A', 38, '', '2020-07-11'),
(189, '787924', 1630, '', '2020-07-11'),
(190, '787837', 1000, '', '2020-07-11'),
(191, '787922', 2450, '', '2020-07-11'),
(192, '787921', 1220, '', '2020-07-11'),
(193, '787898', 210, '', '2020-07-11'),
(194, '787920', 620, '', '2020-07-11'),
(195, '787923', 980, '', '2020-07-11'),
(196, '787835', 1175, '', '2020-07-11'),
(197, '787925', 4900, '', '2020-07-11'),
(198, '787926', 1960, '', '2020-07-11'),
(199, '787928', 3675, '', '2020-07-11'),
(200, '788052', 470, '', '2020-07-11'),
(201, 'N/A', 245, '', '2020-07-11'),
(202, '787839', 38486, '', '2020-07-11'),
(203, '788054', 1225, '', '2020-07-11'),
(204, '788004', 4900, '', '2020-07-11'),
(205, 'N/A', 245, '', '2020-07-11'),
(206, '788057', 6475, '', '2020-07-11'),
(207, '788026', 980, '', '2020-07-11'),
(208, '788077', 2940, '', '2020-07-11'),
(209, '788025', 245, '', '2020-07-11'),
(210, '787968', 70, '', '2020-07-11'),
(211, '787967', 810, '', '2020-07-11'),
(212, '787940', 7500, '', '2020-07-11'),
(213, '788005', 20800, '', '2020-07-11'),
(214, '788075', 600, '', '2020-07-11'),
(215, '787844', 1545, '', '2020-07-11'),
(216, '787931', 740, '', '2020-07-11'),
(217, '787845', 3795, '', '2020-07-11'),
(218, '788059', 620, '', '2020-07-11'),
(219, '788006', 1900, '', '2020-07-11'),
(220, '788060', 490, '', '2020-07-11'),
(221, '788002', 3600, '', '2020-07-11'),
(222, '787838', 11269, '', '2020-07-11'),
(223, '788061', 800, '', '2020-07-11'),
(224, '787847', 1000, '', '2020-07-11'),
(225, '788007', 1225, '', '2020-07-11'),
(226, 'N/A', 244, '', '2020-07-11'),
(227, '788063', 4050, '', '2020-07-11'),
(228, '787846', 2350, '', '2020-07-11'),
(229, '788064', 1225, '', '2020-07-11'),
(230, '788066', 434, '', '2020-07-11'),
(231, '788067', 245, '', '2020-07-11'),
(232, '788068', 6260, '', '2020-07-11'),
(233, '787849', 1850, '', '2020-07-11'),
(234, '788069', 340, '', '2020-07-11'),
(235, '788069', 340, '', '2020-07-11'),
(236, '788012', 700, '', '2020-07-11'),
(237, '788070', 2450, '', '2020-07-11'),
(238, '787960', 2830, '', '2020-07-11'),
(239, '788071', 70, '', '2020-07-11'),
(240, '787961', 2040, '', '2020-07-11'),
(241, '787933', 245, '', '2020-07-11'),
(242, '788072', 3500, '', '2020-07-11'),
(243, '787962', 3665, '', '2020-07-11'),
(244, 'N/A', 70, '', '2020-07-11'),
(245, '788074', 210, '', '2020-07-11'),
(246, '787964', 1240, '', '2020-07-11'),
(247, '787935', 5812, '', '2020-07-11'),
(248, '788027', 245, '', '2020-07-11'),
(249, '787969', 920, '', '2020-07-11'),
(250, 'N/A', 125, '', '2020-07-11'),
(251, 'N/A', 350, '', '2020-07-11'),
(252, '787972', 490, '', '2020-07-11'),
(253, 'DR', 2440, '', '2020-07-11');

-- --------------------------------------------------------

--
-- Table structure for table `transaction_details`
--

DROP TABLE IF EXISTS `transaction_details`;
CREATE TABLE IF NOT EXISTS `transaction_details` (
  `item_id` varchar(45) COLLATE latin1_bin NOT NULL,
  `special_id` int(11) NOT NULL,
  `item_name` varchar(45) COLLATE latin1_bin NOT NULL,
  `units_sold` int(11) NOT NULL,
  `selling_price` double NOT NULL,
  `total_price` double NOT NULL,
  PRIMARY KEY (`item_id`,`special_id`),
  KEY `trans_idx` (`special_id`)
) ENGINE=InnoDB DEFAULT CHARSET=latin1 COLLATE=latin1_bin;

--
-- Dumping data for table `transaction_details`
--

INSERT INTO `transaction_details` (`item_id`, `special_id`, `item_name`, `units_sold`, `selling_price`, `total_price`) VALUES
('', 9, '', 10, 0, 0),
('', 25, '', 20, 0, 0),
('ADHE-CMT-012', 148, 'STIKWEL (1 LITER)', 1, 135, 135),
('BAR-002', 250, 'FLATBAR 1/8X1/2', 1, 125, 125),
('BAR-005', 230, 'FLATBAR 1/8X1', 1, 190, 190),
('BAR-010', 36, 'FLATBAR 3/16X3/4', 1, 180, 180),
('BAR-011', 213, 'FLATBAR 3/16X1', 20, 220, 4400),
('BAR-012', 168, 'FLATBAR 3/16X1-1/2', 20, 310, 6200),
('BAR-013', 41, 'FLATBAR 3/16X2', 1, 350, 350),
('BAR-015', 236, 'FLATBAR 1/4X1', 2, 250, 500),
('BAR-016', 36, 'FLATBAR 1/4X1-1/2', 1, 370, 370),
('BAR-016', 91, 'FLATBAR 1/4X1-1/2', 1, 370, 370),
('BAR-016', 156, 'FLATBAR 1/4X1-1/2', 1, 370, 370),
('BAR-016', 216, 'FLATBAR 1/4X1-1/2', 2, 370, 740),
('BAR-016', 217, 'FLATBAR 1/4X1-1/2', 1, 370, 370),
('BAR-016', 249, 'FLATBAR 1/4X1-1/2', 1, 370, 370),
('BAR-017', 67, 'FLATBAR 1/4X2', 1, 430, 430),
('BAR-021', 114, 'Z-BAR 3/4', 2, 280, 560),
('BAR-026', 213, 'SQUARE BAR WHITE 1/2 (12MM)', 30, 200, 6000),
('BAR-026', 236, 'SQUARE BAR WHITE 1/2 (12MM)', 1, 200, 200),
('BAR-036', 93, 'ANGLE BAR 1/8X1 (BLUE)', 1, 270, 270),
('BAR-037', 75, 'ANGLE BAR 3/16X1 (RED)', 3, 300, 900),
('BAR-037', 99, 'ANGLE BAR 3/16X1 (RED)', 2, 300, 600),
('BAR-037', 115, 'ANGLE BAR 3/16X1 (RED)', 4, 300, 1200),
('BAR-037', 151, 'ANGLE BAR 3/16X1 (RED)', 6, 300, 1800),
('BAR-037', 168, 'ANGLE BAR 3/16X1 (RED)', 24, 300, 7200),
('BAR-037', 190, 'ANGLE BAR 3/16X1 (RED)', 3, 300, 900),
('BAR-037', 213, 'ANGLE BAR 3/16X1 (RED)', 30, 300, 9000),
('BAR-037', 214, 'ANGLE BAR 3/16X1 (RED)', 2, 300, 600),
('BAR-037', 221, 'ANGLE BAR 3/16X1 (RED)', 12, 300, 3600),
('BAR-039', 38, 'ANGLE BAR 3/16X2 (RED)', 1, 550, 550),
('BAR-041', 8, 'ANGLE BAR 1/4X1-1/2 (GREEN)', 3, 550, 1650),
('BAR-041', 134, 'ANGLE BAR 1/4X1-1/2 (GREEN)', 6, 550, 3300),
('BAR-041', 217, 'ANGLE BAR 1/4X1-1/2 (GREEN)', 2, 550, 1100),
('BAR-041', 249, 'ANGLE BAR 1/4X1-1/2 (GREEN)', 1, 550, 550),
('BAR-042', 206, 'ANGLE BAR 1/4X1-1/2 (ORANGE)', 6, 650, 3900),
('BAR-043', 136, 'ANGLE BAR 1/4X2 (GREEN)', 3, 700, 2100),
('BAR-043', 189, 'ANGLE BAR 1/4X2 (GREEN)', 1, 700, 700),
('BAR-044', 206, 'ANGLE BAR 1/4X2 (ORANGE)', 1, 780, 780),
('BAR-048', 27, 'DEFORMED BAR 10MMX6M G33', 30, 122, 3660),
('BAR-048', 35, 'DEFORMED BAR 10MMX6M G33', 10, 122, 1220),
('BAR-048', 59, 'DEFORMED BAR 10MMX6M G33', 6, 122, 732),
('BAR-048', 60, 'DEFORMED BAR 10MMX6M G33', 20, 122, 2440),
('BAR-048', 75, 'DEFORMED BAR 10MMX6M G33', 2, 122, 244),
('BAR-048', 110, 'DEFORMED BAR 10MMX6M G33', 10, 122, 1220),
('BAR-048', 127, 'DEFORMED BAR 10MMX6M G33', 10, 122, 1220),
('BAR-048', 146, 'DEFORMED BAR 10MMX6M G33', 30, 122, 3660),
('BAR-048', 172, 'DEFORMED BAR 10MMX6M G33', 5, 122, 610),
('BAR-048', 192, 'DEFORMED BAR 10MMX6M G33', 10, 122, 1220),
('BAR-048', 202, 'DEFORMED BAR 10MMX6M G33', 100, 122, 12200),
('BAR-048', 226, 'DEFORMED BAR 10MMX6M G33', 2, 122, 244),
('BAR-048', 230, 'DEFORMED BAR 10MMX6M G33', 2, 122, 244),
('BAR-048', 232, 'DEFORMED BAR 10MMX6M G33', 10, 122, 1220),
('BAR-048', 233, 'DEFORMED BAR 10MMX6M G33', 10, 122, 1220),
('BAR-048', 242, 'DEFORMED BAR 10MMX6M G33', 10, 122, 1220),
('BAR-048', 243, 'DEFORMED BAR 10MMX6M G33', 20, 122, 2440),
('BAR-048', 247, 'DEFORMED BAR 10MMX6M G33', 8, 122, 976),
('BAR-048', 253, 'DEFORMED BAR 10MMX6M G33', 20, 122, 2440),
('BAR-051', 27, 'DEFORMED BAR 12MMX6M G33', 20, 174, 3480),
('BAR-051', 30, 'DEFORMED BAR 12MMX6M G33', 16, 174, 2784),
('BAR-051', 35, 'DEFORMED BAR 12MMX6M G33', 5, 174, 870),
('BAR-051', 55, 'DEFORMED BAR 12MMX6M G33', 2, 174, 348),
('BAR-051', 115, 'DEFORMED BAR 12MMX6M G33', 5, 174, 870),
('BAR-051', 117, 'DEFORMED BAR 12MMX6M G33', 10, 174, 1740),
('BAR-051', 143, 'DEFORMED BAR 12MMX6M G33', 2, 174, 348),
('BAR-051', 222, 'DEFORMED BAR 12MMX6M G33', 1, 174, 174),
('BAR-051', 238, 'DEFORMED BAR 12MMX6M G33', 5, 174, 870),
('BAR-051', 242, 'DEFORMED BAR 12MMX6M G33', 10, 174, 1740),
('BAR-051', 247, 'DEFORMED BAR 12MMX6M G33', 4, 174, 696),
('BAR-054', 60, 'DEFORMED BAR 16MMX6M G33', 25, 310, 7750),
('BAR-054', 66, 'DEFORMED BAR 16MMX6M G33', 10, 310, 3100),
('BAR-054', 115, 'DEFORMED BAR 16MMX6M G33', 2, 310, 620),
('BAR-054', 157, 'DEFORMED BAR 16MMX6M G33', 12, 310, 3720),
('BAR-054', 172, 'DEFORMED BAR 16MMX6M G33', 2, 310, 620),
('BAR-054', 189, 'DEFORMED BAR 16MMX6M G33', 3, 310, 930),
('BAR-054', 196, 'DEFORMED BAR 16MMX6M G33', 3, 310, 930),
('BAR-054', 202, 'DEFORMED BAR 16MMX6M G33', 30, 310, 9300),
('BAR-054', 206, 'DEFORMED BAR 16MMX6M G33', 5, 310, 1550),
('BAR-054', 212, 'DEFORMED BAR 16MMX6M G33', 10, 310, 3100),
('BRUSH-002', 105, 'PAINT BRUSH HIPPO 1-1/2', 2, 35, 70),
('BRUSH-002', 116, 'PAINT BRUSH HIPPO 1-1/2', 1, 35, 35),
('BRUSH-002', 163, 'PAINT BRUSH HIPPO 1-1/2', 2, 35, 70),
('BRUSH-003', 71, 'PAINT BRUSH HIPPO 2', 1, 45, 45),
('BRUSH-003', 87, 'PAINT BRUSH HIPPO 2', 1, 45, 45),
('BRUSH-003', 116, 'PAINT BRUSH HIPPO 2', 1, 45, 45),
('BRUSH-003', 132, 'PAINT BRUSH HIPPO 2', 1, 45, 45),
('BRUSH-003', 136, 'PAINT BRUSH HIPPO 2', 2, 45, 90),
('BRUSH-003', 149, 'PAINT BRUSH HIPPO 2', 2, 45, 90),
('BRUSH-007', 131, 'BABY ROLLER COTTON', 2, 85, 170),
('BRUSH-007', 136, 'BABY ROLLER COTTON 4', 1, 85, 85),
('BRUSH-009', 149, 'HIGH TECH PAINT ROLLER 4', 1, 45, 45),
('BRUSH-010', 118, 'HIGH TECH PAINT ROLLER 7', 3, 65, 195),
('CMT-001', 1, 'HOLCIM CEMENT', 2, 255, 510),
('CMT-001', 3, 'HOLCIM EXCEL', 4, 255, 1020),
('CMT-001', 5, 'HOLCIM EXCEL', 1, 255, 255),
('CMT-001', 6, 'HOLCIM EXCEL', 6, 255, 1530),
('CMT-001', 7, 'HOLCIM EXCEL', 1, 255, 255),
('CMT-001', 11, 'HOLCIM EXCEL', 8, 255, 2040),
('CMT-001', 12, 'HOLCIM EXCEL', 1, 255, 255),
('CMT-001', 13, 'HOLCIM EXCEL', 5, 255, 1275),
('CMT-001', 16, 'HOLCIM EXCEL', 3, 255, 765),
('CMT-001', 17, 'HOLCIM EXCEL', 1, 255, 255),
('CMT-001', 20, 'HOLCIM EXCEL', 15, 255, 3825),
('CMT-001', 25, 'HOLCIM EXCEL', 6, 255, 1530),
('CMT-001', 27, 'HOLCIM EXCEL', 10, 255, 2550),
('CMT-001', 31, 'HOLCIM EXCEL', 1, 255, 255),
('CMT-001', 32, 'HOLCIM EXCEL', 10, 255, 2550),
('CMT-001', 35, 'HOLCIM EXCEL', 6, 255, 1530),
('CMT-001', 39, 'HOLCIM EXCEL', 1, 255, 255),
('CMT-001', 44, 'HOLCIM EXCEL', 5, 255, 1275),
('CMT-001', 45, 'HOLCIM EXCEL', 10, 255, 2550),
('CMT-001', 46, 'HOLCIM EXCEL', 15, 255, 3825),
('CMT-001', 50, 'HOLCIM EXCEL', 3, 255, 765),
('CMT-001', 51, 'HOLCIM EXCEL', 1, 255, 255),
('CMT-001', 57, 'HOLCIM EXCEL', 4, 255, 1020),
('CMT-001', 59, 'HOLCIM EXCEL', 5, 255, 1275),
('CMT-001', 61, 'HOLCIM EXCEL', 2, 250, 500),
('CMT-001', 65, 'HOLCIM EXCEL', 30, 250, 7500),
('CMT-001', 66, 'HOLCIM EXCEL', 30, 250, 7500),
('CMT-001', 72, 'HOLCIM EXCEL', 20, 250, 5000),
('CMT-001', 74, 'HOLCIM EXCEL', 1, 250, 250),
('CMT-001', 82, 'HOLCIM EXCEL', 1, 250, 250),
('CMT-001', 88, 'HOLCIM EXCEL', 3, 250, 750),
('CMT-001', 90, 'HOLCIM EXCEL', 4, 250, 1000),
('CMT-001', 94, 'HOLCIM EXCEL', 2, 250, 500),
('CMT-001', 97, 'HOLCIM EXCEL', 15, 250, 3750),
('CMT-001', 106, 'HOLCIM EXCEL', 1, 250, 250),
('CMT-001', 109, 'HOLCIM EXCEL', 8, 250, 2000),
('CMT-001', 115, 'HOLCIM EXCEL', 15, 250, 3750),
('CMT-001', 120, 'HOLCIM EXCEL', 1, 250, 250),
('CMT-001', 124, 'HOLCIM EXCEL', 1, 250, 250),
('CMT-001', 125, 'HOLCIM EXCEL', 2, 250, 500),
('CMT-001', 126, 'HOLCIM EXCEL', 1, 250, 250),
('CMT-001', 127, 'HOLCIM EXCEL', 10, 250, 2500),
('CMT-001', 128, 'HOLCIM EXCEL', 2, 245, 490),
('CMT-001', 133, 'HOLCIM EXCEL', 2, 245, 490),
('CMT-001', 134, 'HOLCIM EXCEL', 5, 245, 1225),
('CMT-001', 141, 'HOLCIM EXCEL', 4, 245, 980),
('CMT-001', 153, 'HOLCIM EXCEL', 20, 245, 4900),
('CMT-001', 155, 'HOLCIM EXCEL', 3, 245, 735),
('CMT-001', 157, 'HOLCIM EXCEL', 5, 245, 1225),
('CMT-001', 159, 'HOLCIM EXCEL', 6, 245, 1470),
('CMT-001', 164, 'HOLCIM EXCEL', 4, 245, 980),
('CMT-001', 170, 'HOLCIM EXCEL', 5, 245, 1225),
('CMT-001', 173, 'HOLCIM EXCEL', 4, 245, 980),
('CMT-001', 179, 'HOLCIM EXCEL', 20, 245, 4900),
('CMT-001', 185, 'HOLCIM EXCEL', 4, 245, 980),
('CMT-001', 186, 'HOLCIM EXCEL', 3, 245, 735),
('CMT-001', 191, 'HOLCIM EXCEL', 10, 245, 2450),
('CMT-001', 195, 'HOLCIM EXCEL', 4, 245, 980),
('CMT-001', 196, 'HOLCIM EXCEL', 1, 245, 245),
('CMT-001', 197, 'HOLCIM EXCEL', 20, 245, 4900),
('CMT-001', 198, 'HOLCIM EXCEL', 8, 245, 1960),
('CMT-001', 199, 'HOLCIM EXCEL', 15, 245, 3675),
('CMT-001', 201, 'HOLCIM EXCEL', 1, 245, 245),
('CMT-001', 202, 'HOLCIM EXCEL', 60, 245, 14700),
('CMT-001', 203, 'HOLCIM EXCEL', 5, 245, 1225),
('CMT-001', 204, 'HOLCIM EXCEL', 20, 245, 4900),
('CMT-001', 205, 'HOLCIM EXCEL', 1, 245, 245),
('CMT-001', 206, 'HOLCIM EXCEL', 1, 245, 245),
('CMT-001', 207, 'HOLCIM EXCEL', 4, 245, 980),
('CMT-001', 208, 'HOLCIM EXCEL', 12, 245, 2940),
('CMT-001', 209, 'HOLCIM EXCEL', 1, 245, 245),
('CMT-001', 211, 'HOLCIM EXCEL', 2, 245, 490),
('CMT-001', 220, 'HOLCIM EXCEL', 2, 245, 490),
('CMT-001', 222, 'HOLCIM EXCEL', 15, 245, 3675),
('CMT-001', 225, 'HOLCIM EXCEL', 5, 245, 1225),
('CMT-001', 229, 'HOLCIM EXCEL', 5, 245, 1225),
('CMT-001', 231, 'HOLCIM EXCEL', 1, 245, 245),
('CMT-001', 232, 'HOLCIM EXCEL', 20, 245, 4900),
('CMT-001', 233, 'HOLCIM EXCEL', 2, 245, 490),
('CMT-001', 237, 'HOLCIM EXCEL', 10, 245, 2450),
('CMT-001', 238, 'HOLCIM EXCEL', 8, 245, 1960),
('CMT-001', 241, 'HOLCIM EXCEL', 1, 245, 245),
('CMT-001', 243, 'HOLCIM EXCEL', 5, 245, 1225),
('CMT-001', 247, 'HOLCIM EXCEL', 8, 245, 1960),
('CMT-001', 248, 'HOLCIM EXCEL', 1, 245, 245),
('CMT-001', 252, 'HOLCIM EXCEL', 2, 245, 490),
('CMT-007', 6, 'HOLCIM TILE ADHESIVE', 2, 320, 640),
('CMT-007', 59, 'HOLCIM TILE ADHESIVE', 5, 320, 1600),
('CMT-007', 211, 'HOLCIM TILE ADHESIVE', 1, 320, 320),
('CMT-008', 224, 'HOLCIM SKIM COAT', 2, 500, 1000),
('CMT-017', 26, 'SAHARA (PACK)', 20, 45, 900),
('CMT-017', 34, 'SAHARA (PACK)', 1, 45, 45),
('CONC-001', 134, 'CONCRETE HOLLOW BLOCKS 4', 15, 20, 300),
('CONC-001', 242, 'CONCRETE HOLLOW BLOCKS 4', 20, 20, 400),
('DISC-001', 70, 'CUTTING DISC TOKA 4', 2, 75, 150),
('DISC-001', 71, 'CUTTING DISC TOKA 4', 1, 75, 75),
('DISC-001', 84, 'CUTTING DISC TOKA 4', 1, 75, 75),
('DISC-001', 136, 'CUTTING DISC TOKA 4', 3, 75, 225),
('DISC-001', 166, 'CUTTING DISC TOKA 4', 1, 75, 75),
('DISC-001', 168, 'CUTTING DISC TOKA 4', 5, 75, 375),
('DISC-001', 169, 'CUTTING DISC TOKA 4', 2, 75, 150),
('DISC-001', 217, 'CUTTING DISC TOKA 4', 3, 75, 225),
('DISC-002', 100, 'CUTTING DISC TOKA 14', 2, 280, 560),
('DISC-002', 119, 'CUTTING DISC TOKA 14', 1, 280, 280),
('DISC-005', 119, 'CUTTING DISC TYROLIT 4', 2, 180, 360),
('DISC-011', 149, 'FLAP DISC MAJESTA #100', 1, 180, 180),
('DISC-017', 119, 'GRINDING DISC ECONO-PLUS 4', 2, 45, 90),
('DISC-017', 136, 'GRINDING DISC ECONO-PLUS 4', 1, 45, 45),
('DISC-017', 154, 'GRINDING DISC ECONO-PLUS 4', 1, 45, 45),
('DISC-017', 168, 'GRINDING DISC ECONO-PLUS 4', 5, 45, 225),
('DOOR-005', 138, 'PVC DOOR 0.60X190', 1, 1300, 1300),
('DRILL-002', 178, 'MASONRY DRILL BIT 5/32', 1, 65, 65),
('EPOXY-006', 176, 'MARINE EPOXY A&B (1/4 LITER)', 1, 285, 285),
('EPOXY-010', 174, 'GLAZER EPOXY PRIMER GREY (1 GALLON)', 1, 640, 640),
('FIT-018', 80, 'BLUE TEE 1/2', 1, 14, 14),
('FIT-027', 63, 'ORANGE ELBOW 1/4X2', 4, 25, 100),
('FIT-027', 68, 'ORANGE ELBOW 1/4X2', 2, 25, 50),
('FIT-027', 73, 'ORANGE ELBOW 1/4X2', 1, 25, 25),
('FIT-031', 73, 'ORANGE ELBOW 1/8X2', 3, 21, 63),
('FIT-052', 73, 'ORANGE WYE 2X2', 1, 38, 38),
('FIT-071', 86, 'ORANGE REDUCER 4X3', 1, 50, 50),
('FIT-127', 89, 'GI NIPPLE 3/4X6', 1, 40, 40),
('FIT-153', 134, 'GI ELBOW 1', 8, 70, 560),
('FIT-194', 59, 'PPR PIPE 1/2', 16, 280, 4480),
('FIT-266', 63, 'ORANGE CLEAN-OUT 4', 2, 65, 130),
('HOSE-005', 103, 'RAINBOW HOSE 3/4 (METER)', 10, 36, 360),
('MISC-013', 167, 'BATTERY CLAMP ', 2, 35, 70),
('NAIL-001', 123, 'COMMON NAIL 1 (1/4 KILO)', 1, 21, 21),
('NAIL-001', 182, 'COMMON NAIL 1 (1/4 KILO)', 1, 21, 21),
('NAIL-002', 58, 'COMMON NAIL 1 (1/2 KILO)', 1, 43, 43),
('NAIL-002', 85, 'COMMON NAIL 1 (1/2 KILO)', 1, 43, 43),
('NAIL-006', 182, 'COMMON NAIL 1-1/2 (1/2 KILO)', 1, 43, 43),
('NAIL-010', 52, 'COMMON NAIL 2 (1/2 KILO)', 1, 38, 38),
('NAIL-010', 58, 'COMMON NAIL 2 (1/2 KILO)', 1, 38, 38),
('NAIL-010', 107, 'COMMON NAIL 2 (1/2 KILO)', 1, 38, 38),
('NAIL-010', 188, 'COMMON NAIL 2 (1/2 KILO)', 1, 38, 38),
('NAIL-011', 47, 'COMMON NAIL 2 (1 KILO)', 2, 75, 150),
('NAIL-011', 59, 'COMMON NAIL 2 (1 KILO)', 2, 75, 150),
('NAIL-011', 64, 'COMMON NAIL 2 (1 KILO)', 5, 75, 375),
('NAIL-011', 117, 'COMMON NAIL 2 (1 KILO)', 1, 75, 75),
('NAIL-011', 118, 'COMMON NAIL 2 (1 KILO)', 2, 75, 150),
('NAIL-011', 150, 'COMMON NAIL 2 (1 KILO)', 1, 75, 75),
('NAIL-014', 115, 'COMMON NAIL 2-1/2 (1/2 KILO)', 1, 38, 38),
('NAIL-015', 38, 'COMMON NAIL 2-1/2 (1 KILO)', 1, 75, 75),
('NAIL-015', 85, 'COMMON NAIL 2-1/2 (1 KILO)', 1, 75, 75),
('NAIL-016', 213, 'COMMON NAIL 2-1/2 (1 BOX)', 1, 1400, 1400),
('NAIL-017', 52, 'COMMON NAIL 3 (1/4 KILO)', 1, 18, 18),
('NAIL-018', 58, 'COMMON NAIL 3 (1/2 KILO)', 1, 35, 35),
('NAIL-019', 38, 'COMMON NAIL 3 (1 KILO)', 2, 70, 140),
('NAIL-019', 59, 'COMMON NAIL 3 (1 KILO)', 2, 70, 140),
('NAIL-019', 64, 'COMMON NAIL 3 (1 KILO)', 5, 70, 350),
('NAIL-019', 85, 'COMMON NAIL 3 (1 KILO)', 1, 70, 70),
('NAIL-019', 112, 'COMMON NAIL 3 (1 KILO)', 4, 70, 280),
('NAIL-019', 118, 'COMMON NAIL 3 (1 KILO)', 1, 70, 70),
('NAIL-019', 130, 'COMMON NAIL 3 (1 KILO)', 5, 70, 350),
('NAIL-019', 138, 'COMMON NAIL 3 (1 KILO)', 2, 70, 140),
('NAIL-019', 145, 'COMMON NAIL 3 (1 KILO)', 2, 70, 140),
('NAIL-019', 157, 'COMMON NAIL 3 (1 KILO)', 5, 70, 350),
('NAIL-019', 162, 'COMMON NAIL 3 (1 KILO)', 1, 70, 70),
('NAIL-019', 182, 'COMMON NAIL 3 (1 KILO)', 1, 70, 70),
('NAIL-019', 233, 'COMMON NAIL 3 (1 KILO)', 2, 70, 140),
('NAIL-023', 38, 'COMMON NAIL 4 (1 KILO)', 2, 70, 140),
('NAIL-023', 112, 'COMMON NAIL 4 (1 KILO)', 3, 70, 210),
('NAIL-023', 130, 'COMMON NAIL 4 (1 KILO)', 1, 70, 70),
('NAIL-023', 162, 'COMMON NAIL 4 (1 KILO)', 1, 70, 70),
('NAIL-023', 182, 'COMMON NAIL 4 (1 KILO)', 1, 70, 70),
('NAIL-023', 194, 'COMMON NAIL 4 (1 KILO)', 4, 70, 280),
('NAIL-025', 121, 'FINISHING NAIL 1 (1/4 KILO)', 1, 24, 24),
('NAIL-035', 101, 'FINISHING NAIL 2 (1 KILO)', 2, 85, 170),
('NAIL-035', 148, 'FINISHING NAIL 2 (1 KILO)', 1, 85, 85),
('NAIL-035', 158, 'FINISHING NAIL 2 (1 KILO)', 1, 85, 85),
('NAIL-042', 137, 'FINISHING NAIL 3 (1/2 KILO)', 1, 38, 38),
('NAIL-062', 48, 'CONCRETE NAIL 3 (1/2 KILO)', 1, 50, 50),
('NAIL-063', 118, 'CONCRETE NAIL 3 (1 KILO)', 1, 100, 100),
('NAIL-065', 48, 'CONCRETE NAIL 4 (1/4 KILO)', 1, 25, 25),
('NAIL-066', 161, 'CONCRETE NAIL 4 (1/2 KILO)', 1, 50, 50),
('NAIL-071', 194, 'UMBRELLA NAIL (1 KILO)', 2, 100, 200),
('NAIL-081', 152, 'LANGUETA', 1, 100, 100),
('PAINT-003', 131, 'PUREE SANDING SEALER (1 GALLON)', 2, 565, 1130),
('PAINT-003', 139, 'PUREE SANDING SEALER (1 GALLON)', 2, 565, 1130),
('PAPER-003', 150, 'SAND PAPER #100 (PIECE)', 1, 12, 12),
('PAPER-005', 165, 'SAND PAPER #150 (PIECE)', 15, 12, 180),
('PAPER-006', 104, 'SAND PAPER #180 (PIECE)', 10, 12, 120),
('PAPER-007', 129, 'SAND PAPER #220 (PIECE)', 2, 12, 24),
('PIPE-001', 180, 'GI PIPE 1/2 (S-20)', 1, 300, 300),
('PIPE-003', 75, 'GI PIPE 1 (S-20)', 7, 540, 3780),
('PIPE-003', 115, 'GI PIPE 1 (S-20)', 4, 540, 2160),
('PIPE-005', 33, 'GI PIPE 1-1/2 (S-20)', 1, 850, 850),
('PIPE-005', 35, 'GI PIPE 1-1/2 (S-20)', 1, 850, 850),
('PIPE-006', 35, 'GI PIPE 2 (S-20)', 1, 1200, 1200),
('PIPE-006', 55, 'GI PIPE 2 (S-20)', 1, 1200, 1200),
('PIPE-006', 115, 'GI PIPE 2 (S-20)', 2, 1200, 2400),
('PIPE-009', 181, 'GI PIPE 1/2 (S-40)', 1, 360, 360),
('PIPE-010', 21, 'GI PIPE 3/4 (S-40)', 1, 450, 450),
('PIPE-010', 24, 'GI PIPE 3/4 (S-40)', 10, 450, 4500),
('PIPE-011', 148, 'GI PIPE 1 (S-40)', 2, 650, 1300),
('PIPE-011', 168, 'GI PIPE 1 (S-40)', 1, 650, 650),
('PIPE-012', 85, 'GI PIPE 1-1/4 (S-40)', 3, 960, 2880),
('PIPE-012', 108, 'GI PIPE 1-1/4 (S-40)', 1, 960, 960),
('PIPE-013', 78, 'GI PIPE 1-1/2 (S-40)', 1, 1150, 1150),
('PIPE-013', 148, 'GI PIPE 1-1/2 (S-40)', 1, 1150, 1150),
('PIPE-014', 222, 'GI PIPE 2 (S-40)', 2, 1520, 3040),
('PIPE-015', 177, 'GI PIPE 3 (S-40)', 3, 2560, 7680),
('PIPE-016', 24, 'GI PIPE 4 (S-40)', 3, 3780, 11340),
('PIPE-024', 18, 'ORANGE PIPE 2', 1, 231, 231),
('PIPE-025', 202, 'ORANGE PIPE 3', 3, 462, 1386),
('PIPE-026', 59, 'ORANGE PIPE 4', 2, 616, 1232),
('PIPE-038', 56, 'ORANGE PIPE 1/2', 8, 70, 560),
('PIPE-038', 172, 'ORANGE PIPE 1/2', 4, 70, 280),
('PIPE-043', 59, 'ORANGE PIPE 2', 3, 264, 792),
('PIPE-043', 72, 'ORANGE PIPE 2', 1, 264, 264),
('PLY-001', 6, 'ORDINARY PLYWOOD 1/4', 3, 340, 1020),
('PLY-001', 10, 'ORDINARY PLYWOOD 1/4', 5, 340, 1700),
('PLY-001', 14, 'ORDINARY PLYWOOD 1/4', 1, 340, 340),
('PLY-001', 27, 'ORDINARY PLYWOOD 1/4', 3, 340, 1020),
('PLY-001', 35, 'ORDINARY PLYWOOD 1/4', 3, 340, 1020),
('PLY-001', 37, 'ORDINARY PLYWOOD 1/4', 2, 340, 680),
('PLY-001', 69, 'ORDINARY PLYWOOD 1/4', 8, 340, 2720),
('PLY-001', 182, 'ORDINARY PLYWOOD 1/4', 3, 340, 1020),
('PLY-001', 234, 'ORDINARY PLYWOOD 1/4', 1, 340, 340),
('PLY-001', 235, 'ORDINARY PLYWOOD 1/4', 1, 340, 340),
('PLY-001', 240, 'ORDINARY PLYWOOD 1/4', 6, 340, 2040),
('PLY-001', 247, 'ORDINARY PLYWOOD 1/4', 6, 340, 2040),
('PLY-002', 12, 'ORDINARY PLYWOOD 1/2', 1, 620, 620),
('PLY-002', 22, 'ORDINARY PLYWOOD 1/2', 15, 620, 9300),
('PLY-002', 218, 'ORDINARY PLYWOOD 1/2', 1, 620, 620),
('PLY-002', 246, 'ORDINARY PLYWOOD 1/2', 2, 620, 1240),
('PLY-003', 4, 'ORDINARY PLYWOOD 3/4', 2, 950, 1900),
('PLY-003', 6, 'ORDINARY PLYWOOD 3/4', 7, 950, 6650),
('PLY-003', 19, 'ORDINARY PLYWOOD 3/4', 3, 950, 2850),
('PLY-003', 38, 'ORDINARY PLYWOOD 3/4', 2, 950, 1900),
('PLY-003', 42, 'ORDINARY PLYWOOD 3/4', 1, 950, 950),
('PLY-003', 51, 'ORDINARY PLYWOOD 3/4', 1, 950, 950),
('PLY-003', 151, 'ORDINARY PLYWOOD 3/4', 1, 950, 950),
('PLY-003', 219, 'ORDINARY PLYWOOD 3/4', 2, 950, 1900),
('PLY-004', 43, 'MARINE PLYWOOD 1/4', 6, 470, 2820),
('PLY-004', 49, 'MARINE PLYWOOD 1/4', 2, 470, 940),
('PLY-004', 79, 'MARINE PLYWOOD 1/4', 1, 470, 470),
('PLY-004', 81, 'MARINE PLYWOOD 1/4', 3, 470, 1410),
('PLY-004', 107, 'MARINE PLYWOOD 1/4', 1, 470, 470),
('PLY-004', 116, 'MARINE PLYWOOD 1/4', 3, 470, 1410),
('PLY-004', 123, 'MARINE PLYWOOD 1/4', 4, 470, 1880),
('PLY-004', 158, 'MARINE PLYWOOD 1/4', 5, 470, 2350),
('PLY-004', 200, 'MARINE PLYWOOD 1/4', 1, 470, 470),
('PLY-004', 228, 'MARINE PLYWOOD 1/4', 5, 470, 2350),
('PLY-005', 21, 'MARINE PLYWOOD 1/2', 2, 800, 1600),
('PLY-005', 135, 'MARINE PLYWOOD 1/2', 8, 800, 6400),
('PLY-005', 136, 'MARINE PLYWOOD 1/2', 4, 800, 3200),
('PLY-005', 187, 'MARINE PLYWOOD 1/2', 4, 800, 3200),
('PLY-005', 223, 'MARINE PLYWOOD 1/2', 1, 800, 800),
('PLY-006', 21, 'MARINE PLYWOOD 3/4', 5, 1350, 6750),
('PLY-006', 43, 'MARINE PLYWOOD 3/4', 1, 1350, 1350),
('PLY-006', 60, 'MARINE PLYWOOD 3/4', 4, 1350, 5400),
('PLY-006', 91, 'MARINE PLYWOOD 3/4', 10, 1350, 13500),
('PLY-006', 101, 'MARINE PLYWOOD 3/4', 4, 1350, 5400),
('PLY-006', 116, 'MARINE PLYWOOD 3/4', 1, 1350, 1350),
('PLY-006', 144, 'MARINE PLYWOOD 3/4', 3, 1350, 4050),
('PLY-006', 147, 'MARINE PLYWOOD 3/4', 1, 1350, 1350),
('PLY-006', 227, 'MARINE PLYWOOD 3/4', 3, 1350, 4050),
('PLY-007', 15, 'PHENOLIC PLYWOOD 1/2', 10, 850, 8500),
('PLY-007', 77, 'PHENOLIC PLYWOOD 1/2', 1, 850, 850),
('PLY-008', 23, 'PHENOLIC PLYWOOD 3/4', 10, 1100, 11000),
('PLY-008', 28, 'PHENOLIC PLYWOOD 3/4', 4, 1100, 4400),
('PLY-008', 76, 'PHENOLIC PLYWOOD 3/4', 1, 1100, 1100),
('PLY-008', 212, 'PHENOLIC PLYWOOD 3/4', 4, 1100, 4400),
('SCREW-017', 175, 'WOOD TEXSCREW 1', 6, 1.5, 9),
('SCREW-025', 175, 'GYPSUM WOOD SCREW 1-1/2', 2, 2.5, 5),
('SEC-001', 62, 'GI C PURLINS 2X3 (YELLOW)', 1, 385, 385),
('SEC-001', 92, 'GI C PURLINS 2X3 (YELLOW)', 1, 385, 385),
('SEC-001', 95, 'GI C PURLINS 2X3 (YELLOW)', 6, 385, 2310),
('SEC-001', 222, 'GI C PURLINS 2X3 (YELLOW)', 3, 385, 1155),
('SEC-002', 2, 'GI C PURLINS 2X4 (YELLOW)', 10, 425, 4250),
('SEC-002', 222, 'GI C PURLINS 2X4 (YELLOW)', 5, 425, 2125),
('SEC-003', 222, 'GI C PURLINS 2X6 (YELLOW)', 2, 550, 1100),
('SEC-006', 59, 'METAL FURRING', 5, 95, 475),
('SEC-006', 140, 'METAL FURRING', 3, 95, 285),
('SEC-006', 215, 'METAL FURRING', 10, 95, 950),
('SEC-008', 35, 'METAL STUD', 8, 125, 1000),
('SEC-008', 140, 'METAL STUD', 1, 125, 125),
('SEC-009', 215, 'WALL ANGLE', 7, 85, 595),
('SHEET-002', 27, 'HEAVY GAUGE #16 (1.3MM)', 3, 1200, 3600),
('SHEET-002', 122, 'HEAVY GAUGE #16 (1.3MM)', 1, 1200, 1200),
('SHEET-004', 134, 'HEAVY GAUGE #20 (0.9MM)', 1, 950, 950),
('SHEET-004', 168, 'HEAVY GAUGE #20 (0.9MM)', 8, 950, 7600),
('SHEET-006', 35, 'HEAVY GAUGE #24 (0.5MM)', 1, 600, 600),
('SHEET-006', 38, 'HEAVY GAUGE #24 (0.5MM)', 1, 600, 600),
('SHEET-006', 171, 'HEAVY GAUGE #24 (0.5MM)', 2, 600, 1200),
('SHEET-007', 53, 'STEEL MATTING 4X8', 8, 500, 4000),
('SHEET-007', 115, 'STEEL MATTING 4X8', 2, 500, 1000),
('SHEET-007', 127, 'STEEL MATTING 4X8', 1, 500, 500),
('SHEET-007', 136, 'STEEL MATTING 4X8', 3, 500, 1500),
('SHEET-007', 217, 'STEEL MATTING 4X8', 4, 500, 2000),
('SPRAY-003', 111, 'WD-40 (BIG)', 1, 195, 195),
('TAPE-007', 100, 'ELECTRICAL TAPE (BIG)', 1, 40, 40),
('TAPE-007', 149, 'ELECTRICAL TAPE (BIG)', 1, 40, 40),
('TAPE-008', 73, 'TEFLON TAPE 1/2', 1, 12, 12),
('TAPE-011', 160, 'MASKING TAPE 3/4', 1, 40, 40),
('TAPE-013', 184, 'MASKING TAPE 2', 2, 70, 140),
('THINNER-003', 149, 'PAINT THINNER PUREE (BOTTLE)', 2, 45, 90),
('THINNER-004', 134, 'PAINT THINNER PUREE (1 GALLON)', 1, 280, 280),
('THINNER-008', 174, 'ACRYLIC THINNER PUREE (1 GALLON)', 1, 320, 320),
('TUBE-001', 40, 'GI SQUARE TUBE 1X1', 1, 350, 350),
('TUBE-001', 151, 'GI SQUARE TUBE 1X1', 1, 350, 350),
('TUBE-005', 169, 'GI SQUARE TUBE 2X3', 4, 750, 3000),
('TUBE-006', 158, 'GI SQUARE TUBE 2X4', 1, 850, 850),
('WELDING-001', 152, 'ORDINARY WELDING ROD (1/2 KILO)', 1, 50, 50),
('WELDING-002', 95, 'ORDINARY WELDING ROD (1 KILO)', 3, 100, 300),
('WELDING-002', 119, 'ORDINARY WELDING ROD (1 KILO)', 5, 100, 500),
('WELDING-002', 148, 'ORDINARY WELDING ROD (1 KILO)', 1, 100, 100),
('WELDING-002', 190, 'ORDINARY WELDING ROD (1 KILO)', 1, 100, 100),
('WELDING-002', 217, 'ORDINARY WELDING ROD (1 KILO)', 1, 100, 100),
('WIRE-001', 27, 'GI WIRE #16 (KILO)', 3, 70, 210),
('WIRE-001', 38, 'GI WIRE #16 (KILO)', 1, 70, 70),
('WIRE-001', 54, 'GI WIRE #16 (KILO)', 2, 70, 140),
('WIRE-001', 63, 'GI WIRE #16 (KILO)', 2, 70, 140),
('WIRE-001', 72, 'GI WIRE #16 (KILO)', 1, 70, 70),
('WIRE-001', 98, 'GI WIRE #16 (KILO)', 10, 70, 700),
('WIRE-001', 107, 'GI WIRE #16 (KILO)', 1, 70, 70),
('WIRE-001', 113, 'GI WIRE #16 (KILO)', 2, 70, 140),
('WIRE-001', 117, 'GI WIRE #16 (KILO)', 1, 70, 70),
('WIRE-001', 178, 'GI WIRE #16 (KILO)', 2, 70, 140),
('WIRE-001', 193, 'GI WIRE #16 (KILO)', 3, 70, 210),
('WIRE-001', 194, 'GI WIRE #16 (KILO)', 2, 70, 140),
('WIRE-001', 210, 'GI WIRE #16 (KILO)', 1, 70, 70),
('WIRE-001', 232, 'GI WIRE #16 (KILO)', 2, 70, 140),
('WIRE-001', 239, 'GI WIRE #16 (KILO)', 1, 70, 70),
('WIRE-001', 242, 'GI WIRE #16 (KILO)', 2, 70, 140),
('WIRE-001', 244, 'GI WIRE #16 (KILO)', 1, 70, 70),
('WIRE-001', 245, 'GI WIRE #16 (KILO)', 3, 70, 210),
('WIRE-001', 247, 'GI WIRE #16 (KILO)', 2, 70, 140),
('WIRE-001', 251, 'GI WIRE #16 (KILO)', 5, 70, 350),
('WIRE-002', 29, 'GI WIRE #16 (ROLL)', 1, 1600, 1600),
('WIRE-002', 64, 'GI WIRE #16 (ROLL)', 1, 1600, 1600),
('WIRE-002', 83, 'GI WIRE #16 (ROLL)', 1, 1600, 1600),
('WIRE-002', 102, 'GI WIRE #16 (ROLL)', 1, 1600, 1600),
('WIRE-002', 130, 'GI WIRE #16 (1 ROLL)', 1, 1600, 1600),
('WIRE-002', 142, 'GI WIRE #16 (1 ROLL)', 1, 1600, 1600),
('WIRE-002', 145, 'GI WIRE #16 (1 ROLL)', 1, 1600, 1600),
('WIRE-022', 96, 'THHN WIRE #14 (BOX)', 1, 1900, 1900),
('WIRE-056', 202, 'MOLDFLEX 1X50 (1 ROLL)', 1, 900, 900),
('WIRE-058', 183, 'CYCLONE WIRE 4X4 4 (1 ROLL)', 4, 450, 1800);

--
-- Constraints for dumped tables
--

--
-- Constraints for table `transaction_details`
--
ALTER TABLE `transaction_details`
  ADD CONSTRAINT `transaction` FOREIGN KEY (`special_id`) REFERENCES `transactions` (`special_id`);
COMMIT;

/*!40101 SET CHARACTER_SET_CLIENT=@OLD_CHARACTER_SET_CLIENT */;
/*!40101 SET CHARACTER_SET_RESULTS=@OLD_CHARACTER_SET_RESULTS */;
/*!40101 SET COLLATION_CONNECTION=@OLD_COLLATION_CONNECTION */;
